Dependents,LoanAmount,Loan_Amount_Term,Credit_History,Loan_Status,Income,Married_No,Married_Yes,Education_Graduate,Education_Not Graduate,Property_Area_Rural,Property_Area_Semiurban,Property_Area_Urban
1,128.0,360.0,1.0,0,6091.0,0,1,1,0,1,0,0
0,66.0,360.0,1.0,1,3000.0,0,1,1,0,0,0,1
0,120.0,360.0,1.0,1,4941.0,0,1,0,1,0,0,1
0,141.0,360.0,1.0,1,6000.0,1,0,1,0,0,0,1
2,267.0,360.0,1.0,1,9613.0,0,1,1,0,0,0,1
0,95.0,360.0,1.0,1,3849.0,0,1,0,1,0,0,1
3,158.0,360.0,0.0,0,5540.0,0,1,1,0,0,1,0
2,168.0,360.0,1.0,1,5532.0,0,1,1,0,0,0,1
1,349.0,360.0,1.0,0,20000.0,0,1,1,0,0,1,0
2,70.0,360.0,1.0,1,3900.0,0,1,1,0,0,0,1
2,109.0,360.0,1.0,1,4340.0,0,1,1,0,0,0,1
2,200.0,360.0,1.0,1,11179.0,0,1,1,0,0,0,1
0,114.0,360.0,1.0,0,4693.0,1,0,1,0,1,0,0
2,17.0,120.0,1.0,1,2385.0,0,1,1,0,0,0,1
0,125.0,360.0,1.0,1,4950.0,1,0,1,0,0,0,1
0,76.0,360.0,0.0,0,3510.0,1,0,1,0,0,0,1
0,133.0,360.0,1.0,0,4887.0,0,1,0,1,1,0,0
0,104.0,360.0,0.0,0,7660.0,0,1,0,1,0,0,1
1,315.0,360.0,1.0,1,11580.0,0,1,1,0,0,0,1
0,116.0,360.0,0.0,0,4511.0,0,1,0,1,0,1,0
2,112.0,360.0,0.0,0,5282.0,0,1,0,1,1,0,0
0,191.0,360.0,1.0,1,9560.0,0,1,1,0,0,1,0
0,122.0,360.0,1.0,1,5052.0,0,1,1,0,0,1,0
2,110.0,360.0,1.0,1,5266.0,0,1,0,1,0,0,1
0,35.0,360.0,1.0,0,1442.0,1,0,0,1,0,0,1
2,120.0,360.0,1.0,1,5833.0,1,0,1,0,0,1,0
0,74.0,360.0,1.0,0,3167.0,1,0,1,0,0,0,1
1,106.0,360.0,1.0,0,4692.0,1,0,1,0,1,0,0
0,114.0,360.0,1.0,1,5167.0,0,1,1,0,0,1,0
3,320.0,360.0,1.0,0,15500.0,1,0,1,0,1,0,0
0,144.0,360.0,1.0,1,5126.0,0,1,1,0,0,1,0
0,184.0,360.0,1.0,1,11376.0,1,0,1,0,0,0,1
0,110.0,360.0,1.0,1,5416.0,1,0,0,1,0,1,0
0,80.0,360.0,1.0,0,3600.0,1,0,1,0,0,0,1
0,47.0,360.0,1.0,1,3013.0,1,0,1,0,0,0,1
0,134.0,360.0,1.0,1,6277.0,0,1,1,0,0,1,0
1,44.0,360.0,1.0,1,5649.0,0,1,1,0,0,0,1
0,144.0,360.0,1.0,1,5821.0,0,1,1,0,0,0,1
0,120.0,360.0,0.0,0,6085.0,0,1,1,0,0,0,1
0,144.0,360.0,1.0,1,6275.0,1,0,1,0,0,1,0
0,100.0,360.0,1.0,1,3572.0,0,1,0,1,0,1,0
0,120.0,360.0,1.0,1,3086.0,1,0,1,0,0,1,0
0,112.0,360.0,1.0,0,4230.0,1,0,1,0,0,1,0
2,134.0,360.0,1.0,0,4616.0,0,1,1,0,0,0,1
1,286.0,360.0,0.0,0,11500.0,0,1,1,0,0,0,1
2,97.0,360.0,1.0,1,3875.0,0,1,1,0,0,1,0
0,96.0,360.0,1.0,1,3723.0,0,1,1,0,0,1,0
0,135.0,360.0,1.0,0,5566.0,0,1,1,0,1,0,0
1,180.0,360.0,1.0,1,10330.0,0,1,1,0,0,0,1
2,144.0,360.0,1.0,1,6216.0,0,1,0,1,0,0,1
0,120.0,360.0,1.0,1,6296.0,0,1,1,0,0,0,1
3,99.0,360.0,1.0,1,3029.0,0,1,1,0,0,0,1
0,165.0,180.0,0.0,0,6058.0,0,1,0,1,1,0,0
0,116.0,360.0,0.0,0,4166.0,1,0,1,0,0,1,0
0,258.0,360.0,1.0,0,10321.0,0,1,1,0,0,1,0
0,126.0,180.0,0.0,0,5454.0,1,0,0,1,0,0,1
1,312.0,360.0,1.0,1,10750.0,0,1,1,0,0,0,1
3,125.0,60.0,1.0,1,7100.0,0,1,0,1,0,0,1
0,136.0,360.0,0.0,0,4300.0,1,0,1,0,0,1,0
0,172.0,360.0,1.0,1,6274.0,0,1,1,0,0,0,1
2,97.0,360.0,1.0,1,3750.0,0,1,0,1,0,1,0
0,81.0,300.0,1.0,1,3500.0,1,0,1,0,0,1,0
3,187.0,360.0,1.0,1,7040.0,0,1,1,0,0,1,0
0,113.0,480.0,1.0,0,3750.0,1,0,1,0,0,0,1
0,176.0,360.0,1.0,0,8500.0,1,0,1,0,0,0,1
1,110.0,360.0,1.0,0,4022.0,0,1,1,0,0,0,1
3,180.0,300.0,0.0,0,7167.0,0,1,1,0,0,1,0
0,111.0,360.0,1.0,1,3846.0,1,0,1,0,0,1,0
2,167.0,360.0,1.0,0,3259.0,0,1,1,0,0,0,1
1,50.0,240.0,1.0,1,3988.0,0,1,1,0,0,0,1
0,136.0,360.0,1.0,1,4897.0,1,0,1,0,0,1,0
0,104.0,360.0,1.0,1,4618.0,0,1,1,0,0,1,0
0,210.0,360.0,1.0,1,8566.0,1,0,1,0,0,0,1
0,175.0,360.0,1.0,1,9862.0,0,1,1,0,0,1,0
0,131.0,360.0,1.0,1,5858.0,0,1,1,0,0,1,0
2,188.0,180.0,1.0,1,11904.0,0,1,1,0,0,1,0
2,81.0,360.0,1.0,1,5093.0,0,1,0,1,0,0,1
0,122.0,360.0,1.0,1,4133.0,1,0,1,0,0,1,0
0,25.0,120.0,1.0,1,3620.0,1,0,0,1,0,1,0
0,137.0,360.0,1.0,1,4786.0,0,1,1,0,0,1,0
0,50.0,360.0,1.0,1,2974.0,0,1,1,0,0,1,0
0,115.0,180.0,1.0,1,4188.0,0,1,0,1,0,1,0
0,131.0,360.0,1.0,1,5300.0,0,1,1,0,0,1,0
2,133.0,180.0,1.0,1,7551.0,0,1,0,1,0,0,1
0,151.0,360.0,1.0,1,8649.0,1,0,1,0,0,1,0
1,100.0,360.0,1.0,1,4082.0,0,1,1,0,0,0,1
2,225.0,360.0,1.0,1,12543.0,0,1,1,0,0,0,1
0,120.0,360.0,1.0,0,7333.0,1,0,0,1,1,0,0
2,216.0,360.0,0.0,0,7400.0,0,1,1,0,0,0,1
3,94.0,480.0,1.0,1,2825.0,0,1,0,1,0,1,0
0,136.0,360.0,1.0,1,5316.0,1,0,1,0,0,0,1
0,139.0,360.0,1.0,1,5262.0,0,1,1,0,0,1,0
0,118.0,360.0,1.0,1,5050.0,1,0,1,0,0,1,0
1,185.0,180.0,1.0,1,14583.0,0,1,1,0,1,0,0
0,154.0,360.0,1.0,1,5450.0,0,1,1,0,0,1,0
0,175.0,360.0,1.0,0,7710.0,0,1,1,0,1,0,0
0,259.0,360.0,1.0,1,10408.0,1,0,1,0,0,0,1
0,44.0,360.0,1.0,1,4166.0,1,0,1,0,0,1,0
0,137.0,360.0,0.0,1,11117.0,1,0,1,0,0,1,0
2,81.0,360.0,1.0,1,2957.0,0,1,1,0,0,1,0
0,194.0,360.0,1.0,1,6314.0,0,1,0,1,1,0,0
3,370.0,360.0,1.0,1,20000.0,0,1,1,0,1,0,0
1,160.0,180.0,0.0,0,14363.0,0,1,1,0,0,0,1
0,74.0,360.0,1.0,1,3943.0,1,0,1,0,0,0,1
0,70.0,360.0,1.0,1,2718.0,1,0,1,0,0,1,0
0,25.0,120.0,1.0,1,3459.0,0,1,1,0,0,1,0
0,102.0,360.0,1.0,1,4895.0,1,0,1,0,0,1,0
3,290.0,360.0,1.0,0,11750.0,0,1,1,0,0,1,0
0,84.0,360.0,1.0,0,4583.0,0,1,1,0,1,0,0
2,88.0,360.0,1.0,1,6816.0,0,1,1,0,0,0,1
0,242.0,360.0,0.0,0,14999.0,1,0,1,0,0,1,0
2,129.0,360.0,1.0,0,5630.0,0,1,0,1,1,0,0
2,185.0,360.0,1.0,0,7125.0,0,1,1,0,1,0,0
0,168.0,360.0,1.0,1,5417.0,1,0,1,0,0,0,1
0,175.0,180.0,1.0,1,6950.0,1,0,1,0,0,1,0
0,122.0,360.0,1.0,1,4732.0,0,1,1,0,0,1,0
2,187.0,180.0,1.0,1,11757.0,0,1,1,0,0,0,1
0,100.0,360.0,1.0,1,6816.0,0,1,1,0,0,1,0
2,70.0,360.0,1.0,1,14866.0,0,1,1,0,0,0,1
1,30.0,360.0,1.0,1,2963.0,0,1,1,0,0,0,1
0,225.0,360.0,1.0,0,11666.0,1,0,1,0,1,0,0
0,125.0,360.0,1.0,1,5690.0,0,1,1,0,0,1,0
0,118.0,360.0,0.0,0,6277.0,1,0,1,0,1,0,0
0,152.0,360.0,1.0,1,6327.0,0,1,1,0,1,0,0
0,244.0,360.0,1.0,0,9166.0,1,0,1,0,0,0,1
2,113.0,360.0,1.0,0,2281.0,0,1,0,1,1,0,0
0,50.0,360.0,1.0,1,3254.0,1,0,1,0,0,0,1
3,600.0,180.0,0.0,1,20000.0,0,1,1,0,0,1,0
1,187.0,360.0,1.0,1,9538.0,0,1,1,0,0,0,1
0,120.0,360.0,1.0,1,5063.0,1,0,1,0,1,0,0
0,255.0,360.0,1.0,1,10208.0,0,1,1,0,0,1,0
0,98.0,360.0,1.0,1,2904.0,0,1,0,1,0,1,0
0,275.0,360.0,1.0,0,7933.0,0,1,1,0,0,0,1
1,121.0,360.0,0.0,0,4369.0,0,1,1,0,0,1,0
2,158.0,360.0,1.0,1,5614.0,0,1,1,0,1,0,0
0,75.0,180.0,1.0,1,9323.0,0,1,1,0,0,0,1
0,112.0,360.0,1.0,0,4583.0,0,1,1,0,1,0,0
0,129.0,360.0,1.0,1,5772.0,0,1,1,0,1,0,0
0,63.0,480.0,0.0,0,2237.0,1,0,1,0,0,1,0
2,200.0,360.0,1.0,1,8000.0,0,1,1,0,0,1,0
0,95.0,360.0,1.0,1,3589.0,0,1,0,1,1,0,0
3,700.0,300.0,1.0,1,20000.0,0,1,1,0,0,0,1
3,81.0,180.0,1.0,0,3522.0,0,1,0,1,1,0,0
0,187.0,360.0,1.0,1,11333.0,0,1,1,0,0,1,0
0,87.0,360.0,1.0,0,5080.0,0,1,0,1,0,1,0
0,116.0,360.0,1.0,1,5461.0,0,1,1,0,1,0,0
2,101.0,360.0,1.0,1,3664.0,0,1,1,0,1,0,0
3,495.0,360.0,0.0,0,16816.0,0,1,1,0,0,1,0
1,116.0,360.0,1.0,1,3750.0,0,1,1,0,0,1,0
0,102.0,480.0,0.0,0,3784.0,1,0,0,1,0,0,1
1,180.0,360.0,0.0,0,13650.0,0,1,1,0,0,0,1
0,73.0,180.0,1.0,1,4600.0,0,1,1,0,0,1,0
1,260.0,360.0,1.0,0,20000.0,0,1,1,0,0,1,0
0,108.0,360.0,1.0,1,3625.0,0,1,1,0,0,1,0
0,120.0,360.0,1.0,1,20000.0,0,1,1,0,0,1,0
1,66.0,300.0,0.0,0,2178.0,0,1,1,0,1,0,0
0,168.0,360.0,1.0,1,5970.0,0,1,1,0,1,0,0
0,188.0,180.0,1.0,1,9328.0,0,1,1,0,1,0,0
0,48.0,360.0,1.0,1,4885.0,1,0,0,1,1,0,0
0,164.0,360.0,1.0,0,12000.0,1,0,1,0,0,1,0
0,160.0,360.0,1.0,0,6033.0,0,1,0,1,0,0,1
0,76.0,360.0,1.0,1,3858.0,1,0,1,0,0,1,0
0,120.0,360.0,1.0,1,4191.0,1,0,1,0,1,0,0
1,170.0,360.0,1.0,0,5708.0,0,1,1,0,0,1,0
0,187.0,360.0,1.0,1,12083.0,1,0,1,0,1,0,0
0,83.0,360.0,1.0,0,11000.0,1,0,1,0,0,0,1
1,90.0,360.0,1.0,1,5100.0,0,1,0,1,0,1,0
2,166.0,360.0,0.0,1,4923.0,1,0,1,0,0,1,0
1,135.0,360.0,1.0,1,4583.0,0,1,0,1,0,0,1
2,124.0,360.0,1.0,1,3917.0,0,1,0,1,0,1,0
0,120.0,360.0,1.0,1,4408.0,1,0,0,1,0,1,0
0,80.0,360.0,1.0,1,3244.0,1,0,1,0,0,0,1
0,55.0,360.0,1.0,1,6506.0,1,0,0,1,1,0,0
0,59.0,360.0,1.0,1,2479.0,1,0,1,0,0,0,1
0,127.0,360.0,1.0,0,3418.0,1,0,1,0,0,1,0
0,214.0,360.0,1.0,0,10000.0,1,0,1,0,0,1,0
3,128.0,360.0,0.0,0,4680.0,0,1,1,0,0,1,0
1,240.0,360.0,1.0,1,7787.0,0,1,1,0,0,0,1
3,130.0,360.0,1.0,1,5703.0,0,1,0,1,1,0,0
0,137.0,360.0,1.0,1,6194.0,0,1,1,0,0,0,1
3,100.0,360.0,1.0,1,4833.0,0,1,0,1,0,1,0
0,135.0,360.0,1.0,0,1950.0,0,1,1,0,1,0,0
0,131.0,360.0,1.0,1,5502.0,0,1,1,0,0,1,0
2,72.0,360.0,0.0,0,5000.0,0,1,1,0,0,1,0
0,60.0,360.0,0.0,0,2221.0,0,1,1,0,0,0,1
2,116.0,360.0,1.0,1,5726.0,0,1,1,0,0,1,0
0,144.0,360.0,1.0,1,5762.0,1,0,1,0,0,1,0
0,128.0,360.0,1.0,1,6250.0,0,1,1,0,0,1,0
0,170.0,360.0,1.0,0,3250.0,0,1,1,0,1,0,0
2,210.0,360.0,1.0,1,7945.0,0,1,1,0,0,1,0
0,200.0,360.0,1.0,1,6400.0,1,0,1,0,1,0,0
1,104.0,360.0,1.0,1,4545.0,0,1,1,0,0,1,0
0,42.0,180.0,1.0,1,3716.0,0,1,1,0,1,0,0
0,280.0,360.0,1.0,1,8333.0,1,0,1,0,0,1,0
1,140.0,360.0,1.0,1,4934.0,0,1,1,0,0,1,0
1,170.0,360.0,1.0,1,6760.0,0,1,1,0,1,0,0
1,112.0,360.0,1.0,1,3812.0,1,0,1,0,1,0,0
1,96.0,360.0,1.0,1,3315.0,0,1,1,0,0,1,0
2,120.0,360.0,1.0,1,10819.0,0,1,1,0,1,0,0
1,140.0,180.0,1.0,0,4493.0,0,1,0,1,0,0,1
0,155.0,60.0,1.0,1,8666.0,1,0,1,0,0,0,1
2,108.0,360.0,1.0,1,7550.0,0,1,1,0,1,0,0
0,123.0,360.0,1.0,1,7823.0,0,1,0,1,0,1,0
0,120.0,180.0,1.0,0,10383.0,1,0,1,0,0,0,1
2,112.0,360.0,1.0,1,9703.0,0,1,1,0,0,0,1
1,137.0,180.0,1.0,1,6608.0,0,1,0,1,0,0,1
1,123.0,480.0,1.0,1,4725.0,0,1,1,0,0,1,0
0,90.0,360.0,1.0,1,3677.0,0,1,1,0,0,0,1
0,201.0,360.0,0.0,0,5558.0,0,1,0,1,0,1,0
2,138.0,360.0,1.0,0,3427.0,1,0,1,0,0,0,1
0,104.0,360.0,1.0,1,4750.0,1,0,0,1,1,0,0
1,279.0,180.0,1.0,1,9762.0,0,1,0,1,0,1,0
0,192.0,360.0,0.0,0,16250.0,1,0,1,0,0,0,1
3,255.0,360.0,1.0,1,3083.0,1,0,1,0,1,0,0
0,115.0,360.0,0.0,0,6045.0,1,0,0,1,1,0,0
3,94.0,360.0,1.0,0,5250.0,0,1,1,0,0,0,1
0,304.0,360.0,1.0,0,16783.0,0,1,1,0,1,0,0
0,134.0,360.0,1.0,1,4269.0,1,0,1,0,0,1,0
1,155.0,36.0,1.0,0,3481.0,1,0,1,0,0,1,0
0,120.0,360.0,1.0,1,7200.0,1,0,1,0,1,0,0
0,128.0,360.0,1.0,1,5166.0,1,0,1,0,0,1,0
0,151.0,360.0,1.0,1,7542.0,1,0,1,0,1,0,0
2,150.0,360.0,1.0,1,6095.0,0,1,1,0,0,1,0
3,160.0,360.0,0.0,1,6144.0,0,1,1,0,0,0,1
0,135.0,360.0,1.0,0,3418.0,1,0,1,0,1,0,0
1,90.0,360.0,1.0,1,4436.0,1,0,1,0,0,0,1
0,30.0,360.0,1.0,1,3237.0,1,0,1,0,0,0,1
0,136.0,360.0,1.0,1,11146.0,0,1,1,0,0,0,1
0,126.0,360.0,1.0,1,4690.0,1,0,1,0,1,0,0
0,150.0,360.0,1.0,1,4843.0,0,1,1,0,0,1,0
2,90.0,360.0,1.0,1,3900.0,0,1,1,0,0,1,0
1,115.0,360.0,1.0,1,4592.0,0,1,1,0,0,1,0
0,207.0,360.0,1.0,1,7267.0,0,1,1,0,0,1,0
0,80.0,360.0,1.0,1,4403.0,0,1,1,0,0,0,1
0,436.0,360.0,1.0,1,14583.0,0,1,1,0,0,1,0
1,158.0,360.0,0.0,0,6479.0,1,0,0,1,0,0,1
0,112.0,360.0,1.0,1,4727.0,0,1,1,0,0,1,0
2,78.0,180.0,1.0,1,3286.7999878,0,1,1,0,0,0,1
0,54.0,360.0,1.0,1,3477.0,1,0,1,0,0,0,1
0,89.0,360.0,1.0,1,6211.0,1,0,1,0,1,0,0
0,99.0,300.0,1.0,0,4317.0,1,0,1,0,0,1,0
0,120.0,360.0,1.0,1,5704.0,0,1,1,0,1,0,0
0,115.0,360.0,1.0,1,4124.0,1,0,1,0,0,1,0
0,187.0,360.0,1.0,1,9508.0,1,0,1,0,1,0,0
0,139.0,360.0,1.0,1,5491.0,0,1,1,0,1,0,0
2,127.0,360.0,0.0,0,4400.0,0,1,1,0,0,1,0
2,134.0,360.0,1.0,1,4713.0,0,1,1,0,0,0,1
0,172.0,360.0,1.0,1,5717.0,0,1,1,0,0,1,0
3,110.0,360.0,1.0,1,5666.0,0,1,1,0,0,0,1
1,200.0,360.0,1.0,1,6875.0,0,1,1,0,0,1,0
1,135.0,360.0,1.0,1,4666.0,0,1,1,0,0,0,1
0,151.0,480.0,1.0,0,7541.0,1,0,1,0,1,0,0
1,113.0,360.0,1.0,0,4939.0,0,1,1,0,0,0,1
0,93.0,360.0,0.0,0,4734.0,0,1,0,1,0,0,1
0,132.0,360.0,1.0,1,5000.0,1,0,1,0,1,0,0
1,96.0,360.0,1.0,1,3428.0,0,1,1,0,0,0,1
0,140.0,360.0,1.0,1,6500.0,1,0,1,0,1,0,0
0,135.0,360.0,1.0,1,5428.0,1,0,1,0,1,0,0
0,104.0,360.0,0.0,0,4263.0,1,0,1,0,0,0,1
0,480.0,360.0,1.0,0,20000.0,1,0,1,0,1,0,0
0,84.0,360.0,1.0,1,2917.0,1,0,1,0,0,1,0
0,111.0,360.0,1.0,1,5332.0,1,0,0,1,0,1,0
0,56.0,360.0,1.0,1,2507.0,1,0,1,0,1,0,0
0,159.0,360.0,1.0,0,4316.0,0,1,1,0,1,0,0
1,111.0,180.0,1.0,1,5039.0,0,1,0,1,0,0,1
2,120.0,360.0,1.0,1,3717.0,0,1,1,0,0,1,0
1,155.0,360.0,1.0,0,10000.0,0,1,1,0,1,0,0
0,115.0,360.0,1.0,1,4567.0,0,1,1,0,0,1,0
3,124.0,360.0,1.0,1,4531.0,0,1,1,0,0,1,0
3,300.0,360.0,1.0,1,15000.0,0,1,1,0,1,0,0
1,376.0,360.0,0.0,0,13649.0,0,1,1,0,1,0,0
0,130.0,360.0,0.0,1,4917.0,1,0,1,0,1,0,0
0,184.0,360.0,1.0,1,7978.0,0,1,1,0,0,1,0
0,110.0,360.0,1.0,0,6784.0,0,1,1,0,0,0,1
0,67.0,360.0,1.0,1,2500.0,1,0,1,0,0,0,1
1,117.0,360.0,1.0,1,6177.0,1,0,1,0,0,0,1
0,98.0,360.0,1.0,1,2935.0,1,0,1,0,0,1,0
0,490.0,180.0,1.0,1,20000.0,0,1,1,0,0,0,1
1,182.0,180.0,1.0,1,11666.0,0,1,1,0,0,0,1
1,160.0,360.0,1.0,1,5938.0,0,1,1,0,1,0,0
2,176.0,360.0,1.0,1,7100.0,0,1,1,0,1,0,0
0,71.0,360.0,1.0,1,4160.0,1,0,1,0,0,1,0
3,173.0,360.0,1.0,0,4234.0,0,1,0,1,1,0,0
0,46.0,360.0,1.0,0,2378.0,1,0,1,0,1,0,0
1,158.0,360.0,1.0,1,5783.0,0,1,0,1,0,0,1
3,74.0,360.0,1.0,1,3173.0,0,1,0,1,0,1,0
2,125.0,360.0,1.0,1,4913.0,0,1,1,0,1,0,0
0,160.0,360.0,1.0,1,4957.0,0,1,1,0,0,1,0
2,126.0,360.0,1.0,1,5251.0,0,1,0,1,0,0,1
0,187.0,360.0,1.0,1,8875.0,0,1,1,0,1,0,0
0,228.0,360.0,1.0,1,9083.0,0,1,1,0,0,1,0
0,308.0,360.0,1.0,0,12917.0,1,0,1,0,1,0,0
3,95.0,360.0,1.0,1,4749.0,0,1,1,0,1,0,0
0,105.0,360.0,0.0,0,5500.0,0,1,1,0,1,0,0
0,130.0,360.0,1.0,1,2928.0,0,1,1,0,0,1,0
2,165.0,360.0,1.0,1,11500.0,0,1,1,0,1,0,0
1,67.0,360.0,1.0,0,3875.0,0,1,1,0,0,0,1
0,100.0,480.0,0.0,0,4666.0,0,1,0,1,0,0,1
3,200.0,360.0,1.0,1,8334.0,0,1,1,0,0,1,0
1,81.0,360.0,1.0,0,4723.0,1,0,1,0,0,1,0
2,236.0,360.0,1.0,1,8667.0,0,1,1,0,0,1,0
0,130.0,360.0,1.0,1,7083.0,0,1,1,0,0,0,1
0,141.0,360.0,1.0,1,6822.0,1,0,1,0,1,0,0
0,133.0,360.0,1.0,0,6216.0,1,0,0,1,1,0,0
0,96.0,480.0,1.0,0,2500.0,1,0,1,0,0,1,0
1,175.0,360.0,1.0,1,6325.0,0,1,1,0,0,1,0
0,570.0,360.0,1.0,0,20000.0,0,1,1,0,1,0,0
0,55.0,360.0,1.0,1,15759.0,1,0,1,0,0,1,0
2,155.0,360.0,1.0,1,5185.0,0,1,1,0,0,1,0
2,380.0,300.0,1.0,1,17196.0,0,1,1,0,1,0,0
1,111.0,180.0,0.0,0,5049.0,1,0,1,0,0,0,1
0,110.0,360.0,1.0,1,4223.0,1,0,1,0,0,0,1
0,120.0,180.0,1.0,1,5740.0,0,1,1,0,0,0,1
3,130.0,360.0,1.0,1,13746.0,0,1,1,0,1,0,0
0,71.0,480.0,1.0,0,3069.0,1,0,1,0,0,0,1
2,130.0,360.0,1.0,1,5391.0,0,1,1,0,0,0,1
0,128.0,360.0,1.0,1,5833.0,0,1,1,0,0,1,0
0,296.0,360.0,1.0,1,10173.0,1,0,1,0,0,1,0
0,156.0,360.0,1.0,1,6000.0,1,0,1,0,0,0,1
0,128.0,360.0,1.0,1,7167.0,1,0,1,0,0,0,1
2,100.0,360.0,1.0,0,4566.0,0,1,1,0,0,0,1
1,113.0,180.0,1.0,1,3667.0,1,0,1,0,0,0,1
0,132.0,360.0,1.0,1,3946.0,1,0,0,1,0,1,0
0,136.0,360.0,1.0,1,4750.0,0,1,1,0,0,0,1
0,125.0,360.0,1.0,1,5488.0,0,1,1,0,1,0,0
3,185.0,360.0,1.0,1,9167.0,1,0,1,0,1,0,0
3,275.0,360.0,1.0,1,9504.0,0,1,1,0,1,0,0
2,113.0,180.0,1.0,1,3618.0,0,1,0,1,0,1,0
2,113.0,360.0,1.0,1,4500.0,0,1,1,0,0,0,1
0,71.0,360.0,0.0,0,3180.0,1,0,1,0,0,0,1
0,95.0,360.0,1.0,1,4492.0,0,1,1,0,0,0,1
0,109.0,360.0,1.0,1,5568.0,1,0,0,1,1,0,0
0,103.0,360.0,0.0,0,3300.0,1,0,1,0,0,1,0
2,45.0,180.0,0.0,0,2889.0,0,1,0,1,0,0,1
0,65.0,300.0,1.0,0,2755.0,1,0,0,1,1,0,0
0,103.0,360.0,1.0,1,20000.0,1,0,1,0,0,1,0
0,53.0,360.0,1.0,1,1963.0,1,0,0,1,0,1,0
0,194.0,360.0,1.0,0,7441.0,1,0,1,0,1,0,0
0,115.0,360.0,1.0,1,4547.0,1,0,1,0,0,1,0
0,115.0,360.0,1.0,1,4567.0,0,1,0,1,0,0,1
0,66.0,360.0,1.0,1,2213.0,1,0,0,1,1,0,0
1,152.0,300.0,0.0,0,8300.0,0,1,1,0,0,1,0
3,360.0,360.0,0.0,0,20000.0,0,1,1,0,1,0,0
1,62.0,360.0,1.0,0,3867.0,1,0,0,1,0,1,0
0,218.0,360.0,0.0,0,6096.0,0,1,0,1,1,0,0
0,110.0,360.0,1.0,1,4286.0,0,1,0,1,1,0,0
0,178.0,360.0,0.0,0,5386.0,0,1,0,1,0,1,0
0,60.0,360.0,1.0,1,2995.0,1,0,1,0,0,0,1
1,160.0,360.0,1.0,0,2600.0,1,0,1,0,0,0,1
2,239.0,360.0,1.0,0,20000.0,0,1,1,0,0,0,1
0,112.0,360.0,1.0,1,3798.0,0,1,1,0,1,0,0
0,138.0,360.0,1.0,1,4663.0,0,1,1,0,0,1,0
0,138.0,360.0,1.0,1,5829.0,0,1,1,0,1,0,0
0,100.0,360.0,1.0,1,3539.0,0,1,1,0,0,0,1
0,96.0,360.0,1.0,1,14880.0,0,1,1,0,0,1,0
0,121.0,360.0,1.0,1,6966.0,0,1,1,0,1,0,0
1,81.0,360.0,1.0,0,4606.0,1,0,0,1,1,0,0
2,133.0,360.0,1.0,1,5935.0,0,1,1,0,0,1,0
0,87.0,360.0,1.0,1,2936.12000084,0,1,1,0,1,0,0
0,60.0,180.0,1.0,1,2717.0,1,0,0,1,0,0,1
1,150.0,360.0,1.0,1,8624.0,1,0,1,0,0,1,0
0,105.0,360.0,0.0,0,6500.0,1,0,1,0,1,0,0
0,405.0,360.0,1.0,1,12876.0,1,0,1,0,0,1,0
0,143.0,360.0,1.0,1,4765.0,0,1,1,0,0,1,0
0,100.0,360.0,1.0,1,3750.0,1,0,1,0,0,0,1
0,50.0,360.0,1.0,1,3777.0,1,0,1,0,0,1,0
0,187.0,360.0,0.0,0,10416.0,1,0,1,0,0,0,1
0,138.0,360.0,1.0,1,7142.0,0,1,0,1,1,0,0
0,187.0,360.0,1.0,1,8724.0,1,0,1,0,0,1,0
0,180.0,360.0,1.0,1,9734.0,0,1,1,0,1,0,0
3,148.0,360.0,1.0,1,6700.0,1,0,0,1,0,1,0
1,152.0,360.0,1.0,1,20000.0,1,0,1,0,0,1,0
1,130.0,360.0,1.0,1,4676.0,0,1,1,0,1,0,0
2,110.0,360.0,1.0,1,4652.0,0,1,0,1,1,0,0
0,55.0,360.0,1.0,0,4915.0,0,1,1,0,1,0,0
2,150.0,360.0,0.0,0,5050.0,0,1,1,0,1,0,0
2,125.0,360.0,0.0,0,3564.0,0,1,0,1,1,0,0
0,149.0,360.0,0.0,0,5681.0,0,1,1,0,1,0,0
0,90.0,180.0,0.0,1,4949.0,0,1,1,0,1,0,0
0,84.0,360.0,1.0,1,7085.0,1,0,1,0,0,1,0
2,96.0,360.0,1.0,1,3859.0,0,1,1,0,0,1,0
0,118.0,360.0,1.0,1,4301.0,0,1,1,0,0,0,1
0,173.0,360.0,1.0,0,6277.0,0,1,1,0,0,0,1
2,136.0,360.0,1.0,1,4354.0,1,0,1,0,1,0,0
0,160.0,360.0,1.0,0,8334.0,0,1,1,0,0,1,0
3,128.0,180.0,1.0,1,7740.0,0,1,1,0,0,0,1
0,153.0,360.0,1.0,1,5203.0,0,1,1,0,1,0,0
1,132.0,360.0,1.0,1,5191.0,1,0,0,1,0,1,0
0,98.0,360.0,0.0,0,4166.0,1,0,1,0,0,1,0
0,140.0,360.0,1.0,1,6000.0,1,0,1,0,1,0,0
3,70.0,180.0,0.0,0,4611.0,0,1,0,1,0,0,1
0,110.0,360.0,1.0,1,16692.0,0,1,1,0,0,1,0
2,98.0,360.0,1.0,1,3127.0,0,1,0,1,0,1,0
0,110.0,360.0,1.0,0,6784.0,0,1,1,0,0,0,1
1,162.0,360.0,1.0,1,5529.0,0,1,1,0,0,1,0
1,113.0,180.0,0.0,0,4153.0,0,1,0,1,1,0,0
3,100.0,360.0,1.0,1,4691.0,0,1,1,0,0,1,0
2,162.0,360.0,1.0,1,10180.0,1,0,1,0,1,0,0
2,150.0,360.0,1.0,1,17539.0,0,1,1,0,1,0,0
2,230.0,300.0,1.0,1,8450.0,0,1,1,0,0,1,0
2,132.0,360.0,0.0,0,4745.0,0,1,1,0,0,1,0
1,86.0,360.0,1.0,1,18917.0,0,1,1,0,0,1,0
0,154.0,360.0,1.0,1,4350.0,1,0,0,1,1,0,0
3,113.0,360.0,1.0,1,3095.0,0,1,0,1,1,0,0
0,128.0,360.0,1.0,1,5233.0,0,1,1,0,0,1,0
0,234.0,360.0,1.0,1,10833.0,0,1,1,0,0,1,0
2,246.0,360.0,1.0,1,8333.0,0,1,1,0,0,1,0
1,131.0,360.0,1.0,1,4394.0,0,1,0,1,1,0,0
2,80.0,360.0,0.0,0,3547.0,1,0,1,0,1,0,0
1,500.0,360.0,1.0,0,18333.0,0,1,1,0,0,0,1
2,160.0,360.0,1.0,1,6666.0,0,1,1,0,0,1,0
0,75.0,360.0,1.0,0,2435.0,1,0,1,0,0,0,1
0,110.0,360.0,1.0,1,3691.0,1,0,0,1,1,0,0
0,225.0,360.0,1.0,1,17263.0,1,0,0,1,0,1,0
0,119.0,360.0,0.0,0,5754.0,0,1,1,0,1,0,0
1,105.0,84.0,1.0,1,4239.0,0,1,1,0,0,1,0
0,107.0,360.0,1.0,1,4300.0,0,1,0,1,1,0,0
1,95.0,360.0,1.0,1,2895.0,0,1,1,0,0,1,0
0,209.0,360.0,0.0,0,10699.0,1,0,1,0,1,0,0
0,113.0,480.0,1.0,1,4328.0,1,0,1,0,1,0,0
0,100.0,360.0,1.0,1,3159.0,1,0,1,0,0,1,0
2,208.0,360.0,1.0,1,10489.0,0,1,1,0,0,1,0
0,124.0,300.0,1.0,1,5297.0,0,1,0,1,0,1,0
2,243.0,360.0,1.0,1,7926.0,0,1,1,0,1,0,0
0,96.0,360.0,1.0,0,3583.0,1,0,1,0,0,0,1
0,188.0,360.0,1.0,1,5492.0,0,1,1,0,0,0,1
1,40.0,360.0,1.0,1,13262.0,1,0,1,0,0,0,1
0,100.0,360.0,1.0,0,4885.0,1,0,0,1,1,0,0
1,250.0,360.0,1.0,1,8069.0,0,1,1,0,0,1,0
2,148.0,360.0,1.0,1,5318.0,0,1,1,0,0,0,1
0,70.0,180.0,1.0,0,8796.0,0,1,1,0,0,1,0
0,311.0,360.0,1.0,0,9481.0,1,0,1,0,1,0,0
3,150.0,360.0,1.0,1,6894.0,0,1,1,0,1,0,0
2,113.0,480.0,1.0,1,3663.0,0,1,1,0,0,1,0
0,185.0,360.0,1.0,0,6598.0,1,0,1,0,0,1,0
0,95.0,360.0,1.0,0,3400.0,1,0,0,1,1,0,0
2,45.0,360.0,1.0,1,3934.0,0,1,0,1,0,1,0
0,55.0,360.0,1.0,1,2500.0,1,0,1,0,0,1,0
3,100.0,360.0,1.0,1,7101.0,0,1,1,0,1,0,0
2,480.0,360.0,1.0,1,15114.0,0,1,1,0,1,0,0
2,400.0,360.0,1.0,1,17500.0,0,1,1,0,1,0,0
0,110.0,360.0,1.0,1,3775.0,0,1,1,0,0,1,0
1,161.0,360.0,0.0,1,6715.0,0,1,0,1,0,1,0
1,94.0,360.0,1.0,1,3981.0,1,0,0,1,0,1,0
0,130.0,360.0,1.0,1,6783.0,1,0,0,1,0,1,0
3,100.0,360.0,1.0,1,4281.0,0,1,1,0,0,0,1
2,110.0,360.0,0.0,0,3588.0,1,0,1,0,1,0,0
0,125.0,360.0,1.0,1,18165.0,1,0,0,1,0,0,1
0,126.0,360.0,1.0,1,4592.0,1,0,0,1,1,0,0
0,324.0,360.0,1.0,1,10039.0,0,1,1,0,0,0,1
2,107.0,360.0,1.0,1,3617.0,1,0,1,0,0,1,0
0,66.0,360.0,1.0,0,3453.0,0,1,0,1,1,0,0
3,157.0,180.0,1.0,1,6417.0,0,1,1,0,1,0,0
1,140.0,180.0,1.0,1,7453.0,0,1,1,0,0,1,0
0,99.0,360.0,0.0,0,2138.0,1,0,1,0,0,1,0
1,95.0,360.0,1.0,1,3652.0,1,0,1,0,0,1,0
1,128.0,360.0,1.0,1,4763.0,0,1,0,1,0,0,1
0,155.0,360.0,1.0,1,4718.0,0,1,1,0,1,0,0
0,80.0,36.0,1.0,0,3358.0,1,0,0,1,0,1,0
0,145.0,360.0,1.0,1,4309.0,1,0,1,0,1,0,0
0,103.0,360.0,0.0,0,5000.0,1,0,1,0,0,1,0
0,110.0,360.0,1.0,1,4801.0,0,1,1,0,1,0,0
1,158.0,360.0,1.0,1,6583.0,0,1,1,0,0,0,1
0,181.0,360.0,0.0,0,4787.0,0,1,0,1,0,0,1
0,132.0,180.0,0.0,0,7859.0,0,1,1,0,1,0,0
1,26.0,360.0,1.0,1,6500.0,0,1,1,0,0,1,0
3,260.0,360.0,1.0,1,10139.0,0,1,1,0,0,1,0
0,162.0,360.0,1.0,1,6556.0,0,1,1,0,0,1,0
0,182.0,360.0,1.0,1,6486.0,0,1,1,0,0,1,0
2,108.0,360.0,1.0,1,3917.0,0,1,0,1,0,1,0
1,600.0,360.0,1.0,1,19484.0,0,1,1,0,0,1,0
0,211.0,360.0,1.0,1,7977.0,0,1,1,0,1,0,0
0,132.0,360.0,1.0,1,5800.0,1,0,0,1,0,1,0
2,258.0,360.0,0.0,0,8799.0,0,1,1,0,0,0,1
0,70.0,360.0,1.0,1,3333.0,1,0,1,0,0,0,1
3,123.0,360.0,0.0,0,5900.0,0,1,1,0,1,0,0
0,9.0,360.0,1.0,0,2378.0,1,0,1,0,0,0,1
0,104.0,360.0,0.0,0,5230.0,0,1,1,0,0,0,1
1,186.0,360.0,1.0,1,5167.0,0,1,1,0,0,0,1
2,275.0,360.0,1.0,1,16666.0,0,1,1,0,0,0,1
2,187.0,480.0,1.0,0,7750.0,0,1,0,1,0,1,0
3,150.0,360.0,1.0,0,6406.0,0,1,1,0,0,1,0
2,108.0,84.0,1.0,1,3620.0,0,1,1,0,0,0,1
0,136.0,360.0,0.0,0,5297.0,0,1,1,0,0,1,0
0,110.0,360.0,1.0,1,5968.0,1,0,1,0,0,0,1
1,107.0,360.0,1.0,1,4014.0,0,1,1,0,1,0,0
0,161.0,360.0,1.0,1,6099.0,1,0,1,0,0,0,1
2,205.0,360.0,1.0,1,6540.0,0,1,1,0,0,1,0
0,90.0,360.0,1.0,0,20000.0,1,0,1,0,0,0,1
0,36.0,360.0,1.0,1,3166.0,0,1,1,0,0,1,0
1,146.0,360.0,0.0,0,4704.0,0,1,1,0,1,0,0
1,172.0,84.0,1.0,0,7283.0,0,1,1,0,1,0,0
0,104.0,360.0,1.0,1,3819.0,0,1,1,0,0,0,1
0,70.0,360.0,1.0,1,2165.0,1,0,0,1,0,1,0
0,94.0,360.0,1.0,1,4750.0,1,0,1,0,0,1,0
2,106.0,360.0,0.0,0,2726.0,0,1,1,0,0,1,0
0,56.0,180.0,1.0,1,6416.0,0,1,1,0,0,1,0
2,205.0,240.0,1.0,0,6000.0,0,1,1,0,0,1,0
3,292.0,360.0,1.0,1,9357.0,1,0,1,0,0,1,0
0,142.0,180.0,1.0,1,7159.0,0,1,1,0,1,0,0
0,260.0,360.0,1.0,1,16120.0,0,1,1,0,0,0,1
0,110.0,360.0,1.0,1,3833.0,1,0,0,1,1,0,0
2,187.0,360.0,1.0,0,7383.0,0,1,0,1,1,0,0
0,180.0,360.0,1.0,1,9963.0,0,1,1,0,1,0,0
2,192.0,360.0,1.0,1,5780.0,0,1,1,0,0,0,1
0,155.0,360.0,1.0,1,5686.0,0,1,0,1,1,0,0
3,128.0,360.0,1.0,1,5703.0,0,1,1,0,0,0,1
0,172.0,360.0,1.0,1,7977.0,1,0,1,0,1,0,0
1,496.0,360.0,1.0,1,12000.0,0,1,1,0,0,1,0
1,173.0,360.0,1.0,1,5900.0,0,1,1,0,0,1,0
2,157.0,360.0,1.0,1,5398.0,0,1,0,1,1,0,0
0,108.0,360.0,1.0,1,5182.0,0,1,1,0,1,0,0
0,71.0,360.0,1.0,1,2900.0,1,0,1,0,1,0,0
3,40.0,180.0,1.0,1,4106.0,0,1,1,0,1,0,0
1,253.0,360.0,1.0,1,8312.0,0,1,1,0,0,0,1
2,187.0,360.0,1.0,1,7583.0,0,1,1,0,0,0,1
0,133.0,360.0,0.0,0,4583.0,1,0,1,0,0,1,0
