Gender,Married,Dependents,Education,Self_Employed,ApplicantIncome,CoapplicantIncome,LoanAmount,Loan_Amount_Term,Credit_History,Property_Area,SumperMount,Loan_Amount,Loan_Status
1,0,0,0,0,8.674025985443025,0.0,4.852030263919617,360.0,1.0,2,13.477861844221158,1,1
1,1,1,0,0,8.430109084509125,7.318539548567902,4.852030263919617,360.0,1.0,0,13.477861844221158,0,0
1,1,0,0,1,8.006367567650246,0.0,4.189654742026425,360.0,1.0,2,11.637929838962291,1,1
1,1,0,1,0,7.85670679309584,7.765569081097318,4.787491742782046,360.0,1.0,2,13.29858817439457,1,1
1,0,0,0,0,8.699514748210191,0.0,4.948759890378168,360.0,1.0,2,13.746555251050466,1,1
1,1,2,0,1,8.597297435657897,8.341886969516187,5.58724865840025,360.0,1.0,2,15.520135162222916,1,1
1,1,0,1,0,7.754910272021429,7.323830566202317,4.553876891600541,360.0,1.0,2,12.649658032223725,1,1
1,1,3,0,0,8.01829613851552,7.825644732219988,5.062595033026967,360.0,0.0,1,14.062763980630464,0,0
1,1,2,0,0,8.295548516225763,7.330405211844402,5.123963979403259,360.0,1.0,2,14.233233276120163,1,1
1,1,1,0,0,9.460398455831275,9.30273722124215,5.855071922202427,360.0,1.0,1,16.26408867278452,0,0
1,1,2,0,0,8.070906088787819,6.551080335043403,4.248495242049359,360.0,1.0,2,11.801375672359331,1,1
1,1,2,0,0,7.824046010856294,7.517520850603031,4.691347882229144,360.0,1.0,2,13.031521895080957,1,1
1,1,2,0,0,8.030409562130485,9.000359807188254,5.298317366548036,360.0,1.0,2,14.717548240411212,1,1
1,0,0,0,0,7.52456122628536,7.951559331155252,4.736198448394496,360.0,1.0,0,13.15610680109582,0,0
1,1,2,0,0,7.169350016670601,6.990256500493881,2.8332133440562166,120.0,1.0,2,23.61011120046847,1,1
1,0,0,0,0,8.507142855562735,0.0,4.8283137373023015,360.0,1.0,2,13.411982603617504,1,1
1,0,1,1,0,8.187577395591509,0.0,4.605170185988092,240.0,1.0,2,19.188209108283715,1,1
0,0,0,0,0,8.163371316459912,0.0,4.330733340286331,360.0,0.0,2,12.029814834128699,0,0
1,1,0,1,0,8.494333897270154,0.0,4.890349128221754,360.0,1.0,0,13.584303133949316,0,0
1,1,0,0,0,7.863266724009573,8.160518247477505,4.74493212836325,360.0,1.0,2,13.18036702323125,1,1
1,1,0,1,0,8.943767262734637,0.0,4.6443908991413725,360.0,0.0,2,12.901085830948258,0,0
1,1,1,0,0,8.691986481789401,8.63497622707262,5.752572638825632,360.0,1.0,2,15.979368441182313,1,1
1,1,0,1,0,7.863266724009573,7.555381944240272,4.7535901911063645,360.0,0.0,1,13.20441719751768,0,0
1,1,2,1,0,8.121183242078828,7.558516743045645,4.718498871295094,360.0,0.0,0,13.10694130915304,0,0
1,1,1,0,0,8.220672170297252,7.981049759665956,5.017279836814924,360.0,1.0,1,13.936888435597012,0,0
1,1,0,0,1,9.165343006045447,0.0,5.25227342804663,360.0,1.0,1,14.58964841124064,1,1
1,1,0,0,0,7.937017489515454,7.720017940432244,4.804021044733257,360.0,1.0,1,13.344502902036824,1,1
1,1,2,1,0,8.349011198176003,6.9469759921354175,4.700480365792417,360.0,1.0,2,13.056889904978934,1,1
1,0,0,1,0,7.273786317844895,0.0,3.555348061489413,360.0,1.0,2,9.87596683747059,0,0
0,0,2,0,0,8.229511118964458,7.641564441260973,4.787491742782046,360.0,1.0,1,13.29858817439457,1,1
1,1,1,0,0,8.334711621820919,8.122371243406553,5.303304908059076,360.0,1.0,2,14.73140252238632,0,0
1,0,0,0,0,8.06054004653864,0.0,4.30406509320417,360.0,1.0,2,11.955736370011582,0,0
1,0,1,0,1,8.453614209773368,0.0,4.663439094112067,360.0,1.0,0,12.953997483644631,0,0
1,1,0,0,0,8.160518247477505,7.418780882750793,4.736198448394496,360.0,1.0,1,13.15610680109582,1,1
1,0,3,0,0,9.433483923290392,8.006367567650246,5.768320995793773,360.0,1.0,0,16.023113877204924,0,0
1,1,0,0,0,7.729735331385051,7.633853559681767,4.852030263919617,360.0,1.0,2,13.477861844221158,1,1
1,1,0,0,0,7.510977752014095,7.1929342212158,4.605170185988092,360.0,0.0,2,12.792139405522477,0,0
0,1,0,0,0,8.207129168071326,7.285506548522784,4.969813299576002,360.0,1.0,1,13.805036943266671,1,1
1,0,0,0,0,8.334711621820919,8.883224230278994,5.214935757608987,360.0,1.0,2,14.485932660024964,1,1
1,0,0,1,0,8.228977643358313,7.419380582918693,4.700480365792417,360.0,1.0,1,13.056889904978934,1,1
1,0,0,0,0,8.188689124444199,0.0,4.382026634673881,360.0,1.0,2,12.172296207427447,0,0
1,0,0,0,0,7.495541943884256,7.10085190894405,3.8501476017100575,360.0,1.0,2,10.694854449194604,1,1
1,1,0,0,0,7.783224016336037,0.0,4.31748811353631,360.0,1.0,2,11.993022537600861,1,1
1,1,0,0,0,8.279189777195004,7.756195343948118,4.897839799950911,360.0,1.0,1,13.605110555419197,1,1
1,1,0,1,1,8.454253391642363,0.0,4.564348191467836,360.0,1.0,2,12.678744976299544,1,1
0,0,0,0,0,8.134467570277563,0.0,4.477336814478207,360.0,1.0,2,12.437046706883908,1,1
1,1,1,0,0,8.639233817325263,0.0,3.7841896339182615,360.0,1.0,2,10.51163787199517,1,1
1,1,0,0,0,8.669227347271736,0.0,4.969813299576002,360.0,1.0,2,13.805036943266671,1,1
0,1,0,0,0,7.8804263442924,8.143226750367445,4.787491742782046,360.0,0.0,2,13.29858817439457,0,0
0,0,0,0,0,8.294049640102028,7.729735331385051,4.969813299576002,360.0,1.0,1,13.805036943266671,1,1
0,1,0,1,0,7.564238475170491,7.404887575616125,4.605170185988092,360.0,1.0,1,12.792139405522477,1,1
0,0,0,0,0,8.034631032923107,0.0,4.787491742782046,360.0,1.0,1,13.29858817439457,1,1
0,0,0,0,0,8.349957272040324,0.0,4.718498871295094,360.0,1.0,1,13.10694130915304,0,0
1,1,2,0,0,8.437283808187933,0.0,4.897839799950911,360.0,1.0,2,13.605110555419197,0,0
0,1,1,0,1,9.35010231435134,0.0,5.655991810819852,360.0,0.0,2,15.71108836338848,0,0
1,1,2,0,0,7.903965634032166,7.062191632286557,4.574710978503383,360.0,1.0,1,12.707530495842729,1,1
1,1,0,0,0,7.664815785285735,7.372118028337788,4.564348191467836,360.0,1.0,1,12.678744976299544,1,1
1,1,0,0,0,8.121480374750751,7.696212639346408,4.90527477843843,360.0,1.0,0,13.625763273440084,0,0
1,1,1,0,0,8.997147151515144,7.718685495198466,5.1929568508902095,360.0,1.0,2,14.424880141361692,1,1
1,1,2,1,0,8.118802996980035,7.958227192322313,4.969813299576002,360.0,1.0,2,13.805036943266671,1,1
1,1,0,0,0,7.824046010856294,8.241703159729816,4.787491742782046,360.0,1.0,2,13.29858817439457,1,1
1,1,3,0,0,8.015987811027237,0.0,4.59511985013459,360.0,1.0,2,12.764221805929417,1,1
1,1,0,1,1,7.866722285136729,8.145839612936841,5.105945473900579,180.0,0.0,0,28.36636374389211,0,0
1,1,1,0,0,8.506132244056813,0.0,4.852030263919617,360.0,0.0,0,13.477861844221158,0,0
0,0,0,0,0,8.334711621820919,0.0,4.7535901911063645,360.0,0.0,1,13.20441719751768,0,0
1,1,0,0,0,8.652772485658058,8.432724034789787,5.552959584921617,360.0,1.0,1,15.424887735893382,0,0
1,0,0,1,0,8.070906088787819,7.720461694599723,4.836281906951479,180.0,0.0,2,26.868232816397104,0,0
1,1,1,0,0,9.28266103355581,0.0,5.7430031878094825,360.0,1.0,2,15.952786632804118,1,1
1,1,3,1,1,8.867850063029406,0.0,4.8283137373023015,60.0,1.0,2,80.47189562170503,1,1
0,0,0,0,0,8.366370301681654,0.0,4.9126548857360515,360.0,0.0,1,13.646263571489031,0,0
1,1,0,0,0,8.073402968986406,8.028129059431759,5.147494476813453,360.0,1.0,2,14.298595768926258,1,1
1,1,2,1,1,7.536363938404511,7.536363938404511,4.574710978503383,360.0,1.0,1,12.707530495842729,1,1
1,0,0,0,0,8.160518247477505,0.0,4.394449154672439,300.0,1.0,1,14.648163848908132,1,1
1,1,3,1,0,8.46695197497949,0.0,4.553876891600541,360.0,0.0,1,12.649658032223725,0,0
1,1,3,0,1,8.569026340056254,7.480992162869525,5.231108616854587,360.0,1.0,1,14.53085726904052,1,1
1,0,0,0,0,8.229511118964458,0.0,4.727387818712341,480.0,1.0,2,9.848724622317377,0,0
1,0,0,0,0,8.229511118964458,8.465899897028686,5.170483995038151,360.0,1.0,2,14.362455541772642,0,0
1,1,1,0,1,6.907755278982138,8.013674142832683,4.700480365792417,360.0,1.0,2,13.056889904978934,0,0
1,1,3,0,0,8.06054004653864,8.294049640102028,5.1929568508902095,300.0,0.0,1,17.30985616963403,0,0
1,1,3,1,1,8.11162807830774,7.680637427560936,4.867534450455582,360.0,1.0,1,13.520929029043284,1,1
0,0,0,0,0,8.254788926148725,0.0,4.709530201312334,360.0,1.0,1,13.082028336978706,1,1
1,1,1,0,1,7.7811385098450145,0.0,4.852030263919617,360.0,1.0,1,13.477861844221158,1,1
0,1,2,0,0,7.228388451573603,7.539558829301031,5.1179938124167546,360.0,1.0,2,14.21664947893543,0,0
1,1,0,0,0,8.699514748210191,7.718685495198466,5.579729825986222,360.0,1.0,1,15.499249516628394,0,0
1,1,1,0,0,8.291045131081729,0.0,3.912023005428147,240.0,1.0,2,16.300095855950612,1,1
1,0,0,0,0,7.768956044538332,7.836369760545124,4.9126548857360515,360.0,1.0,1,13.646263571489031,1,1
1,1,2,1,0,8.11162807830774,7.600902459542082,4.59511985013459,360.0,1.0,1,12.764221805929417,1,1
1,1,0,0,0,7.824046010856294,7.658227526161353,4.6443908991413725,360.0,1.0,1,12.901085830948258,1,1
1,0,0,0,0,9.055556158175316,0.0,5.3471075307174685,360.0,1.0,2,14.853076474215191,1,1
1,1,0,0,0,8.647343875881282,8.334951631422454,5.1647859739235145,360.0,1.0,1,14.346627705343096,1,1
1,1,0,0,0,7.992268643270745,7.972466015974565,4.875197323201151,360.0,1.0,1,13.542214786669865,1,1
1,1,2,0,0,8.740336742730447,8.640118538253535,5.236441962829949,180.0,1.0,1,29.091344237944163,1,1
1,1,2,1,0,8.09346227450118,7.506591780070841,4.394449154672439,360.0,1.0,2,12.206803207423443,1,1
1,0,0,0,0,8.326758814511733,0.0,4.804021044733257,360.0,1.0,1,13.344502902036824,1,1
1,0,0,1,0,8.194229304819817,0.0,3.218875824868201,120.0,1.0,1,26.82396520723501,1,1
1,0,0,0,0,8.822027322685582,0.0,4.852030263919617,360.0,1.0,2,13.477861844221158,0,0
0,1,0,0,0,7.81762544305337,7.741533589281827,4.919980925828125,360.0,1.0,1,13.666613682855902,1,1
1,1,0,0,0,7.589335823170616,6.904750769961837,3.912023005428147,360.0,1.0,1,10.866730570633742,1,1
1,1,0,1,0,8.339978571990429,0.0,4.74493212836325,180.0,1.0,1,26.3607340464625,1,1
1,1,0,0,0,7.472500744737557,8.172164452111904,4.875197323201151,360.0,1.0,1,13.542214786669865,1,1
1,1,2,1,0,8.363575702750637,8.09040229659332,4.890349128221754,180.0,1.0,2,27.16860626789863,1,1
1,0,0,0,0,8.485289642403231,8.244334047856094,5.017279836814924,360.0,1.0,1,13.936888435597012,1,1
1,1,4,0,0,9.521494800613103,0.0,4.852030263919617,360.0,1.0,2,13.477861844221158,1,1
1,1,0,0,0,8.445052513638554,8.183955717304954,4.852030263919617,360.0,1.0,1,13.477861844221158,1,1
1,1,4,0,0,8.246958032568179,6.625392368007955,5.0751738152338275,360.0,1.0,2,14.097705042316187,1,1
1,1,1,0,0,8.023552392404348,6.937314081223682,4.605170185988092,360.0,1.0,2,12.792139405522477,1,1
1,1,2,0,0,9.342858751676328,7.026426808699637,5.416100402204419,360.0,1.0,2,15.04472333945672,1,1
1,0,0,1,0,8.9001399880938,0.0,4.787491742782046,360.0,1.0,0,13.29858817439457,0,0
1,1,2,0,0,8.242756345714477,8.188689124444199,5.375278407684165,360.0,0.0,2,14.931328910233793,0,0
1,1,3,1,0,7.6357868613955855,6.625392368007955,4.543294782270004,480.0,1.0,1,9.465197463062507,1,1
1,0,0,0,0,8.578476419833137,0.0,4.9126548857360515,360.0,1.0,2,13.646263571489031,1,1
0,1,0,0,0,7.9824163468277325,7.754910272021429,4.934473933130692,360.0,1.0,1,13.706872036474147,1,1
1,1,0,1,0,8.18088094199639,8.322151070212902,5.0238805208462765,360.0,0.0,0,13.955223669017434,0,0
0,0,1,0,1,8.916103530553727,0.0,4.852030263919617,360.0,1.0,1,13.477861844221158,1,1
1,0,0,0,0,8.527143522269405,0.0,4.770684624465665,360.0,1.0,1,13.251901734626848,1,1
1,1,1,0,0,9.587611745713565,0.0,5.220355825078324,180.0,1.0,0,29.00197680599069,1,1
0,1,0,0,0,8.06054004653864,7.733245646529795,5.0369526024136295,360.0,1.0,1,13.991535006704526,1,1
1,1,1,0,0,7.7025561132685825,7.242797922793756,4.442651256490317,360.0,1.0,2,12.340697934695324,1,1
1,1,0,0,0,8.624791202014256,7.669495251007693,5.1647859739235145,360.0,1.0,0,14.346627705343096,0,0
0,0,0,0,0,9.250330020192342,0.0,5.556828061699537,360.0,1.0,2,15.435633504720936,1,1
1,1,4,0,0,8.64241515616962,7.888709524182015,5.1929568508902095,360.0,1.0,0,14.424880141361692,1,1
0,0,0,0,0,8.334711621820919,0.0,3.7841896339182615,360.0,1.0,1,10.51163787199517,1,1
0,0,0,0,0,7.667158255319147,9.102755161296246,4.919980925828125,360.0,0.0,1,13.666613682855902,1,1
1,1,2,0,0,7.991930519852477,0.0,4.394449154672439,360.0,1.0,1,12.206803207423443,1,1
1,1,0,1,0,8.366370301681654,7.607878073278508,5.267858159063328,360.0,1.0,0,14.632939330731467,1,1
0,0,0,0,0,8.213923595622742,0.0,4.532599493153255,360.0,1.0,0,12.59055414764793,1,1
1,1,3,0,0,10.077566902136047,0.0,5.913503005638269,360.0,1.0,0,16.426397237884082,1,1
1,0,0,0,0,8.259716961021523,7.402451520818245,4.852030263919617,360.0,1.0,0,13.477861844221158,1,1
1,1,1,0,1,9.26036786557583,8.25582842728183,5.0751738152338275,180.0,0.0,2,28.195410084632375,0,0
1,1,0,0,0,8.712759974960212,7.851271997109883,5.204006687076795,360.0,1.0,0,14.455574130768875,0,0
1,0,0,0,1,9.91175329695316,0.0,6.476972362889682,480.0,1.0,2,13.493692422686838,1,1
1,0,0,0,0,7.607878073278508,7.564757012905729,4.30406509320417,360.0,1.0,2,11.955736370011582,1,1
1,0,0,0,0,7.907651594711089,0.0,4.248495242049359,360.0,1.0,1,11.801375672359331,1,1
1,1,0,0,1,8.148734808937169,0.0,3.218875824868201,120.0,1.0,1,26.82396520723501,1,1
1,0,0,0,0,8.49596955496461,0.0,4.624972813284272,360.0,1.0,1,12.847146703567422,1,1
1,1,3,0,0,8.294049640102028,8.955448122347393,5.66988092298052,360.0,1.0,1,15.749669230501443,0,0
0,1,0,0,0,8.430109084509125,0.0,4.430816798843313,360.0,1.0,0,12.307824441231427,0,0
1,1,2,0,1,8.106514516255185,8.160518247477505,4.477336814478207,360.0,1.0,2,12.437046706883908,1,1
1,0,0,0,0,9.61573881119536,0.0,5.488937726156687,360.0,0.0,1,15.24704923932413,0,0
1,1,2,1,0,8.34283980427146,7.265429723253952,4.859812404361672,360.0,1.0,0,13.499478901004643,0,0
1,1,2,0,0,8.525558107747866,7.641564441260973,5.220355825078324,360.0,1.0,0,14.500988402995345,0,0
1,0,0,0,0,8.597297435657897,0.0,5.123963979403259,360.0,1.0,2,14.233233276120163,1,1
1,0,0,0,1,8.846496938558838,0.0,5.1647859739235145,180.0,1.0,1,28.69325541068619,1,1
1,1,0,0,0,7.900266036767701,7.617759576608505,4.804021044733257,360.0,1.0,1,13.344502902036824,1,1
1,1,2,0,0,9.37220408686774,0.0,5.231108616854587,180.0,1.0,2,29.06171453808104,1,1
0,1,0,0,0,7.753623546559746,8.408716715080153,4.605170185988092,360.0,1.0,1,12.792139405522477,1,1
0,1,2,0,0,9.60683200528524,0.0,4.248495242049359,360.0,1.0,2,11.801375672359331,1,1
1,1,1,0,0,7.338238150065589,7.261927092702751,3.4011973816621555,360.0,1.0,2,9.447770504617099,1,1
0,0,0,0,0,9.210340371976184,7.418180822726788,5.416100402204419,360.0,1.0,0,15.04472333945672,0,0
1,1,0,0,0,8.48879371689454,6.721425700790642,4.8283137373023015,360.0,1.0,1,13.411982603617504,1,1
1,0,0,0,0,8.744647438317532,0.0,4.770684624465665,360.0,0.0,0,13.251901734626848,0,0
1,1,0,0,1,7.854381210652366,8.229511118964458,5.0238805208462765,360.0,1.0,0,13.955223669017434,1,1
1,0,0,0,0,9.123256265069069,0.0,5.497168225293202,360.0,1.0,2,15.269911736925563,0,0
1,1,2,1,0,7.732369222284388,0.0,4.727387818712341,360.0,1.0,0,13.131632829756503,0,0
1,0,0,0,0,8.087640287778981,0.0,3.912023005428147,360.0,1.0,2,10.866730570633742,1,1
1,1,3,0,0,10.596609732783568,0.0,6.396929655216146,180.0,0.0,1,35.53849808453414,1,1
1,1,1,0,0,8.699514748210191,0.0,5.0751738152338275,360.0,1.0,0,14.097705042316187,1,1
1,1,1,0,0,9.163039098858171,0.0,5.231108616854587,360.0,1.0,2,14.53085726904052,1,1
1,0,0,0,0,7.99967857949945,7.641564441260973,4.787491742782046,360.0,1.0,0,13.29858817439457,1,1
1,1,0,0,0,8.430109084509125,8.63497622707262,5.541263545158426,360.0,1.0,1,15.392398736551183,1,1
1,1,0,1,0,7.529943370601589,6.947937068614969,4.584967478670572,360.0,1.0,1,12.736020774084924,1,1
1,1,0,0,0,8.978786553302003,0.0,5.616771097666573,360.0,1.0,2,15.6021419379627,0,0
1,1,1,0,0,8.035602692918582,7.154615356913662,4.795790545596741,360.0,0.0,1,13.321640404435392,0,0
1,1,2,0,0,8.334951631422454,7.277247726631483,5.062595033026967,360.0,1.0,0,14.062763980630464,1,1
1,1,0,0,0,9.140239744296693,0.0,4.31748811353631,180.0,1.0,2,23.986045075201723,1,1
1,1,0,0,0,8.217978203150732,8.060224240440958,5.204006687076795,360.0,1.0,0,14.455574130768875,1,1
0,1,0,0,0,8.430109084509125,0.0,4.718498871295094,360.0,1.0,0,13.10694130915304,0,0
1,1,0,0,0,7.79934339821592,8.11162807830774,4.859812404361672,360.0,1.0,0,13.499478901004643,1,1
1,0,0,0,0,7.71289096149013,0.0,4.143134726391533,480.0,0.0,1,8.631530679982358,0,0
1,1,2,0,0,8.987196820661973,0.0,5.298317366548036,360.0,1.0,1,14.717548240411212,1,1
1,1,0,1,0,7.506591780070841,7.478169694159786,4.553876891600541,360.0,1.0,0,12.649658032223725,1,1
1,1,3,0,0,10.854430887309706,0.0,6.551080335043403,300.0,1.0,2,21.836934450144675,1,1
1,1,3,1,0,8.166784289056151,0.0,4.394449154672439,180.0,1.0,0,24.413606414846885,0,0
1,1,0,0,0,8.649623978596727,8.63497622707262,5.231108616854587,360.0,1.0,1,14.53085726904052,1,1
1,1,0,1,1,8.376550861613769,6.601230118728878,4.465908118654584,360.0,1.0,1,12.405300329596066,0,0
1,1,0,0,0,8.159660737063376,7.582738488914411,4.7535901911063645,360.0,1.0,0,13.20441719751768,1,1
1,1,2,0,0,7.623153068476903,7.389563953677635,4.61512051684126,360.0,1.0,0,12.819779213447944,1,1
1,1,3,0,0,8.615408238913194,9.332558004700433,6.204557762568691,360.0,0.0,1,17.23488267380192,0,0
1,1,1,0,0,8.229511118964458,0.0,4.7535901911063645,360.0,1.0,1,13.20441719751768,1,1
1,0,0,1,0,7.754910272021429,7.280008252884188,4.624972813284272,480.0,0.0,2,9.635360027675567,0,0
1,1,1,0,0,8.764053269347762,8.88875674784872,5.1929568508902095,360.0,0.0,2,14.424880141361692,0,0
1,0,0,0,0,7.557994958530807,8.52971447196991,4.204692619390967,360.0,1.0,0,11.679701720530463,0,0
1,1,0,0,0,8.433811582477187,0.0,4.290459441148391,180.0,1.0,1,23.83588578415773,1,1
1,1,1,0,0,10.429576102968033,0.0,5.5606816310155285,360.0,1.0,1,15.446337863932023,0,0
0,1,0,0,0,8.195609567288775,0.0,4.68213122712422,360.0,1.0,1,13.005920075345054,1,1
1,1,0,0,1,10.575079070130355,8.465899897028686,4.787491742782046,360.0,1.0,1,13.29858817439457,1,1
1,1,1,0,1,7.686162303492906,0.0,4.189654742026425,300.0,0.0,0,13.96551580675475,0,0
1,1,0,0,0,7.776115477098743,7.6676260915849905,4.060443010546419,360.0,1.0,0,11.279008362628941,1,1
1,1,0,0,1,6.513230110912308,8.574707097616844,5.123963979403259,360.0,1.0,0,14.233233276120163,1,1
1,1,0,0,0,9.140775908590275,0.0,5.236441962829949,180.0,1.0,0,29.091344237944163,1,1
1,0,0,1,0,8.493924564476883,0.0,3.8712010109078916,360.0,1.0,0,10.75333614141081,1,1
1,0,0,0,0,9.392661928770137,0.0,5.0998664278242,360.0,1.0,1,14.166295632845,0,0
1,1,0,1,0,8.704999678440762,0.0,5.0751738152338275,360.0,1.0,2,14.097705042316187,0,0
1,0,0,0,0,8.257904193465674,0.0,4.330733340286331,360.0,1.0,1,12.029814834128699,1,1
1,0,0,0,0,8.340694647925071,0.0,4.787491742782046,360.0,1.0,0,13.29858817439457,1,1
1,1,1,0,0,8.047189562170503,7.85670679309584,5.135798437050261,360.0,1.0,1,14.266106769584058,0,0
1,0,0,0,0,9.027978814382207,8.229511118964458,5.231108616854587,360.0,1.0,0,14.53085726904052,1,1
0,0,0,1,0,7.553286605600419,7.768533300926032,4.787491742782046,360.0,1.0,2,13.29858817439457,1,1
0,1,0,0,0,8.13622555490846,7.943072717277932,4.727387818712341,360.0,1.0,1,13.131632829756503,1,1
1,0,0,0,1,9.305650551780507,0.0,4.418840607796597,360.0,1.0,2,12.274557243879437,0,0
1,1,1,1,0,7.863266724009573,7.824046010856294,4.499809670330264,360.0,1.0,1,12.499471306472957,1,1
1,0,2,0,0,8.5016733797582,0.0,5.111987788356544,360.0,0.0,1,14.199966078768178,1,1
1,1,3,1,0,8.292047637431354,0.0,4.852030263919617,180.0,1.0,2,26.955723688442315,0,0
1,1,1,1,0,8.160518247477505,6.987490247000991,4.90527477843843,360.0,1.0,2,13.625763273440084,1,1
1,1,2,1,0,8.27308133366583,0.0,4.820281565605037,360.0,1.0,1,13.389671015569547,1,1
0,0,0,1,0,8.391176350832751,0.0,4.787491742782046,360.0,1.0,1,13.29858817439457,1,1
0,0,0,0,0,8.084562415235304,0.0,4.382026634673881,360.0,1.0,2,12.172296207427447,1,1
1,0,0,1,0,8.287780027088433,7.836369760545124,4.007333185232471,360.0,1.0,0,11.131481070090198,1,1
1,0,0,0,0,7.8156105320351905,0.0,4.07753744390572,360.0,1.0,2,11.32649289973811,1,1
1,0,0,0,0,8.136810863675537,0.0,4.84418708645859,360.0,1.0,1,13.45607524016275,0,0
0,0,0,0,0,9.210340371976184,0.0,5.365976015021852,360.0,1.0,1,14.905488930616254,0,0
1,1,3,0,0,8.140315540159985,7.1308988302963465,4.852030263919617,360.0,0.0,1,13.477861844221158,0,0
1,1,1,0,1,8.960210955576986,0.0,5.48063892334199,360.0,1.0,2,15.223997009283307,1,1
1,1,3,1,1,8.648747631156539,0.0,4.867534450455582,360.0,1.0,0,13.520929029043284,1,1
1,1,0,0,0,8.062432791583195,8.013343181386672,4.919980925828125,360.0,1.0,2,13.666613682855902,1,1
1,1,3,1,0,8.25582842728183,6.890609120147166,4.605170185988092,360.0,1.0,1,12.792139405522477,1,1
1,1,0,0,0,5.010635294096256,7.495541943884256,4.90527477843843,360.0,1.0,0,13.625763273440084,0,0
1,1,0,0,0,8.223358899479258,7.4815557019095165,4.875197323201151,360.0,1.0,1,13.542214786669865,1,1
1,1,2,0,0,8.517193191416238,0.0,4.276666119016055,360.0,0.0,1,11.879628108377933,0,0
0,1,2,0,0,8.36240897761537,7.776115477098743,4.84418708645859,360.0,1.0,1,13.45607524016275,1,1
1,1,0,0,0,7.7057128238944275,0.0,4.0943445622220995,360.0,0.0,2,11.373179339505832,0,0
1,1,2,0,0,8.296297112642508,7.448333860897477,4.7535901911063645,360.0,1.0,1,13.20441719751768,1,1
1,0,0,0,0,7.996653875462607,7.934155233536322,4.969813299576002,360.0,1.0,1,13.805036943266671,1,1
1,1,0,0,0,8.933004591578547,6.917705609835306,5.1647859739235145,360.0,1.0,1,14.346627705343096,1,1
1,1,0,0,0,8.740336742730447,0.0,4.852030263919617,360.0,1.0,1,13.477861844221158,1,1
1,1,0,0,0,8.086410275323782,0.0,5.135798437050261,360.0,1.0,0,14.266106769584058,0,0
1,1,4,1,1,8.462737005620179,0.0,4.927253685157205,360.0,1.0,2,13.686815792103348,0,0
1,1,2,0,0,8.740336742730447,7.4354380198145495,5.3471075307174685,360.0,1.0,1,14.853076474215191,1,1
1,1,4,0,0,8.467582690862903,0.0,5.062595033026967,480.0,1.0,1,10.547072985472848,1,1
1,0,0,0,1,8.764053269347762,0.0,5.298317366548036,360.0,1.0,0,14.717548240411212,1,1
1,1,1,0,0,7.820439515262182,7.627544390488503,4.6443908991413725,360.0,1.0,1,12.901085830948258,1,1
1,1,0,0,0,8.22040309993373,0.0,3.737669618283368,180.0,1.0,0,20.764831212685376,1,1
1,0,0,1,0,8.067462667010059,7.862497197230545,4.787491742782046,360.0,1.0,0,13.29858817439457,1,1
0,0,0,0,0,9.027978814382207,0.0,5.634789603169249,360.0,1.0,1,15.652193342136803,1,1
1,1,1,0,0,8.056743774975313,7.483806687665834,4.941642422609304,360.0,1.0,1,13.726784507248066,1,1
1,1,1,0,0,8.612503371220562,7.138866999945524,5.135798437050261,360.0,1.0,0,14.266106769584058,1,1
1,1,0,0,0,8.656259239539235,0.0,5.541263545158426,360.0,1.0,2,15.392398736551183,0,0
0,0,0,0,1,8.149890544402423,0.0,4.804021044733257,360.0,1.0,2,13.344502902036824,1,1
0,0,1,0,0,8.245909264774092,0.0,4.718498871295094,360.0,1.0,0,13.10694130915304,1,1
1,1,1,0,0,8.106212902619962,0.0,4.564348191467836,360.0,1.0,1,12.678744976299544,1,1
1,1,2,0,0,8.66888370465667,8.517193191416238,4.787491742782046,360.0,1.0,0,13.29858817439457,1,1
1,1,1,1,0,7.828038032125829,7.592366128519796,4.941642422609304,180.0,1.0,2,27.453569014496132,0,0
1,0,0,0,0,7.994632311431825,8.648396877031583,5.043425116919247,60.0,1.0,2,84.05708528198744,1,1
1,1,2,0,1,8.740336742730447,7.170119543449628,4.68213122712422,360.0,1.0,0,13.005920075345054,1,1
1,1,0,1,0,8.133293861222633,8.393216011596527,4.812184355372417,360.0,1.0,1,13.367178764923382,1,1
1,0,0,0,1,8.707813551024888,8.37401542173991,4.787491742782046,180.0,1.0,2,26.59717634878914,0,0
1,1,2,0,0,9.180190395025301,0.0,4.718498871295094,360.0,1.0,2,13.10694130915304,1,1
1,1,1,1,0,8.796036315200814,0.0,4.919980925828125,180.0,1.0,2,27.333227365711803,1,1
1,1,1,0,0,7.966239776559467,7.519149957669822,4.812184355372417,480.0,1.0,1,10.025384073692537,1,1
1,1,0,0,0,7.500529485395295,7.532623618788787,4.499809670330264,360.0,1.0,2,12.499471306472957,1,1
1,1,0,1,0,7.419380582918693,8.266164436612492,5.303304908059076,360.0,0.0,1,14.73140252238632,0,0
0,0,2,0,0,8.139440521874608,0.0,4.927253685157205,360.0,1.0,2,13.686815792103348,0,0
1,0,0,1,1,7.85670679309584,7.681099001536358,4.6443908991413725,360.0,1.0,0,12.901085830948258,1,1
1,1,1,1,0,7.886457270977689,8.867990898182091,5.631211781821365,180.0,1.0,1,31.284509899007585,1,1
1,0,0,0,1,9.695848187757884,0.0,5.2574953720277815,360.0,0.0,2,14.604153811188283,0,0
0,0,3,0,0,8.03365842788615,0.0,5.541263545158426,360.0,1.0,0,15.392398736551183,1,1
1,0,0,1,0,8.706986763048892,0.0,4.74493212836325,360.0,0.0,0,13.18036702323125,0,0
1,1,3,0,0,8.565983355585669,0.0,4.543294782270004,360.0,1.0,2,12.620263284083343,0,0
1,1,0,0,0,9.594445640962938,7.6496926237115135,5.717027701406223,360.0,1.0,0,15.880632503906176,0,0
1,1,3,1,0,8.503297086224126,0.0,4.852030263919617,360.0,1.0,1,13.477861844221158,0,0
1,1,1,0,0,8.713253274320705,8.354674261918463,5.799092654460527,360.0,1.0,2,16.108590706834796,1,1
1,0,0,0,0,7.630461261783628,7.700295203420117,4.897839799950911,360.0,1.0,1,13.605110555419197,1,1
0,0,1,0,0,8.15507488781144,0.0,5.043425116919247,36.0,1.0,1,140.09514213664573,0,0
0,0,0,0,0,8.881836305004146,0.0,4.787491742782046,360.0,1.0,0,13.29858817439457,1,1
1,0,0,0,1,8.549853973655786,0.0,4.852030263919617,360.0,1.0,1,13.477861844221158,1,1
1,0,0,0,0,8.31752199628717,8.145259566516865,5.017279836814924,360.0,1.0,0,13.936888435597012,1,1
1,1,2,0,0,8.457018468380168,7.23489842031483,5.010635294096256,360.0,1.0,1,13.9184313724896,1,1
1,1,3,0,0,8.37401542173991,7.501634457883411,5.0751738152338275,360.0,0.0,2,14.097705042316187,1,1
0,0,0,0,0,8.136810863675537,0.0,4.90527477843843,360.0,1.0,0,13.625763273440084,0,0
0,0,1,0,0,7.964155718840938,7.352441100243581,4.499809670330264,360.0,1.0,2,12.499471306472957,1,1
0,0,0,0,0,8.082402253926244,0.0,3.4011973816621555,360.0,1.0,2,9.447770504617099,1,1
1,1,0,0,0,9.318835968129482,0.0,4.9126548857360515,360.0,1.0,2,13.646263571489031,1,1
1,0,0,0,0,7.9490914998305175,7.526717561352706,4.836281906951479,360.0,1.0,0,13.434116408198552,1,1
1,1,0,0,0,7.8709295967551425,7.7066129139641975,5.010635294096256,360.0,1.0,1,13.9184313724896,1,1
1,1,2,0,0,8.268731832117737,0.0,4.499809670330264,360.0,1.0,1,12.499471306472957,1,1
1,1,1,0,0,7.919356190660618,7.518607216815253,4.74493212836325,360.0,1.0,1,13.18036702323125,1,1
1,1,0,0,0,8.292298107063221,8.09376775793108,5.332718793265369,360.0,1.0,1,14.81310775907047,1,1
1,1,0,0,0,8.040124664448381,7.170119543449628,4.382026634673881,360.0,1.0,2,12.172296207427447,1,1
1,1,0,0,0,9.587611745713565,0.0,6.077642243349033,360.0,1.0,1,16.882339564858427,1,1
0,1,0,1,0,8.318742252692399,0.0,4.820281565605037,360.0,1.0,0,13.389671015569547,1,1
1,0,1,1,1,8.307212626628306,7.793999089503997,5.062595033026967,360.0,0.0,2,14.062763980630464,0,0
1,1,0,0,0,8.27563105457801,6.684611727667928,4.718498871295094,360.0,1.0,1,13.10694130915304,1,1
1,1,2,0,0,7.741099090035366,6.893453481895541,4.356708826689592,180.0,1.0,2,24.203937926053285,1,1
0,0,0,0,0,7.501634457883411,7.418180822726788,3.9889840465642745,360.0,1.0,2,11.08051124045632,1,1
1,1,0,0,0,9.936293504261306,0.0,4.852030263919617,360.0,1.0,0,13.477861844221158,0,0
1,0,0,0,0,8.057694194815587,8.023879992734878,4.48863636973214,360.0,1.0,0,12.468434360367054,1,1
0,0,0,0,1,7.863266724009573,7.448333860897477,4.59511985013459,300.0,1.0,1,15.3170661671153,0,0
1,1,0,0,0,8.21716859576607,7.600902459542082,4.787491742782046,360.0,1.0,0,13.29858817439457,1,1
0,0,0,0,0,8.32457884513685,0.0,4.74493212836325,360.0,1.0,1,13.18036702323125,1,1
1,0,0,0,0,9.159888828480083,0.0,5.231108616854587,360.0,1.0,0,14.53085726904052,1,1
1,1,0,0,0,8.031060180240619,7.789868559054706,4.934473933130692,360.0,1.0,0,13.706872036474147,1,1
1,1,2,0,0,8.389359819906353,0.0,4.84418708645859,360.0,0.0,1,13.45607524016275,0,0
1,1,2,0,0,8.056109659545061,7.352441100243581,4.897839799950911,360.0,1.0,2,13.605110555419197,1,1
0,0,4,0,0,8.597297435657897,0.0,4.962844630259907,480.0,0.0,2,10.339259646374806,0,0
1,1,0,0,0,7.776115477098743,8.111928063310739,5.147494476813453,360.0,1.0,1,14.298595768926258,1,1
1,1,3,0,0,8.392989587956931,7.1308988302963465,4.700480365792417,360.0,1.0,2,13.056889904978934,1,1
1,1,1,0,0,8.835646922534773,0.0,5.298317366548036,360.0,1.0,1,14.717548240411212,1,1
0,1,1,0,0,8.448057452581375,0.0,4.90527477843843,360.0,1.0,2,13.625763273440084,1,1
0,0,0,0,0,8.517193191416238,7.840312983320164,5.017279836814924,480.0,1.0,0,10.45266632669776,0,0
1,1,1,0,0,7.607878073278508,7.981049759665956,4.727387818712341,360.0,1.0,2,13.131632829756503,0,0
1,1,0,1,0,7.495541943884256,7.984121958702928,4.532599493153255,360.0,0.0,2,12.59055414764793,0,0
1,1,4,1,0,7.963807953231451,7.467371066917559,4.653960350157523,360.0,1.0,1,12.927667639326453,1,1
0,0,0,0,0,8.517193191416238,0.0,4.8828019225863715,360.0,1.0,0,13.563338673851034,1,1
1,1,1,0,0,7.393263094763838,7.497207223203317,4.564348191467836,360.0,1.0,2,12.678744976299544,1,1
1,0,0,0,0,8.294049640102028,7.824046010856294,4.941642422609304,360.0,1.0,0,13.726784507248066,1,1
1,0,0,1,0,7.600902459542082,0.0,4.852030263919617,360.0,1.0,2,13.477861844221158,0,0
0,0,0,0,0,8.232706009860976,7.418180822726788,4.90527477843843,360.0,1.0,0,13.625763273440084,1,1
0,0,0,0,0,7.783224016336037,7.529943370601589,4.6443908991413725,360.0,0.0,2,12.901085830948258,0,0
1,0,0,0,0,9.915070213779195,0.0,6.173786103901937,360.0,1.0,0,17.149405844172044,0,0
1,1,2,1,0,8.944680683558895,0.0,5.220355825078324,360.0,1.0,0,14.500988402995345,1,1
0,0,0,0,0,7.978310969867723,0.0,4.430816798843313,360.0,1.0,1,12.307824441231427,1,1
1,0,0,1,0,7.981733286691885,7.7853051825398625,4.709530201312334,360.0,1.0,1,13.082028336978706,1,1
0,0,0,0,0,7.826842098158293,0.0,4.02535169073515,360.0,1.0,0,11.181532474264305,1,1
1,1,2,0,1,8.656259239539235,0.0,4.969813299576002,84.0,1.0,0,59.164444042571446,1,1
1,1,0,0,0,7.813187267521416,7.519149957669822,5.068904202220232,360.0,1.0,0,14.080289450611756,0,0
1,1,1,1,0,8.131236549696116,7.402451520818245,4.709530201312334,180.0,1.0,2,26.16405667395741,1,1
1,1,2,0,0,8.220672170297252,0.0,4.787491742782046,360.0,1.0,1,13.29858817439457,1,1
1,1,0,0,0,7.629489916393995,7.665753431861699,4.477336814478207,360.0,1.0,2,12.437046706883908,1,1
0,0,1,0,0,8.172164452111904,0.0,4.718498871295094,360.0,1.0,1,13.10694130915304,1,1
1,1,1,0,1,9.210340371976184,0.0,5.043425116919247,360.0,1.0,0,14.009514213664573,0,0
1,1,0,0,0,7.783224016336037,7.681099001536358,4.74493212836325,360.0,1.0,1,13.18036702323125,1,1
1,1,3,0,0,8.376090350438238,5.2417470150596435,4.820281565605037,360.0,1.0,1,13.389671015569547,1,1
1,1,2,1,0,8.188966863648876,7.371489295214277,4.852030263919617,360.0,1.0,0,13.477861844221158,1,1
0,0,0,0,0,8.060224240440958,8.001355025826703,4.8828019225863715,360.0,1.0,0,13.563338673851034,1,1
1,1,3,0,0,9.615805480084347,0.0,5.703782474656202,360.0,1.0,0,15.843840207378339,1,1
1,1,1,0,1,9.067162602299854,8.513787398281405,5.929589143389895,360.0,0.0,0,16.47108095386082,0,0
1,0,0,0,0,8.50045386741194,0.0,4.867534450455582,360.0,0.0,0,13.520929029043284,1,1
1,1,0,0,1,8.668711839055147,7.67786350067821,5.214935757608987,360.0,1.0,1,14.485932660024964,1,1
0,1,0,0,0,8.37401542173991,7.804251383528112,4.700480365792417,360.0,1.0,2,13.056889904978934,0,0
0,0,0,0,0,7.824046010856294,0.0,4.204692619390967,360.0,1.0,2,11.679701720530463,1,1
1,0,1,0,0,8.385716828627851,7.491645473605133,4.762173934797756,360.0,1.0,2,13.228260929993768,1,1
1,0,0,0,0,7.984462732262196,0.0,4.584967478670572,360.0,1.0,1,12.736020774084924,1,1
1,0,4,0,0,7.9490914998305175,0.0,4.262679877041316,360.0,1.0,2,11.840777436225878,1,1
1,1,0,0,0,11.05622495553552,0.0,6.194405391104673,180.0,1.0,2,34.41336328391485,1,1
1,1,1,0,1,9.193499354780156,7.513709247839705,5.204006687076795,180.0,1.0,2,28.91114826153775,1,1
1,1,4,0,1,8.613048677059759,8.4096079807363,4.248495242049359,360.0,1.0,1,11.801375672359331,1,1
1,1,1,0,0,8.565983355585669,6.533788837933344,5.0751738152338275,360.0,1.0,0,14.097705042316187,1,1
1,1,2,0,1,7.824046010856294,8.433811582477187,5.170483995038151,360.0,1.0,0,14.362455541772642,1,1
0,0,3,1,0,7.512071245835466,0.0,4.852030263919617,360.0,0.0,2,13.477861844221158,0,0
0,0,0,0,0,8.333270353255308,0.0,4.262679877041316,360.0,1.0,1,11.840777436225878,1,1
1,1,3,1,0,7.8811822022271025,7.369600720526409,5.153291594497778,360.0,1.0,0,14.314698873604941,0,0
0,0,0,0,0,7.774015077250727,0.0,3.828641396489095,360.0,1.0,0,10.635114990247486,0,0
1,1,1,1,0,8.423761246623686,7.113956109566034,5.062595033026967,360.0,1.0,2,14.062763980630464,1,1
1,1,3,1,0,8.062432791583195,0.0,4.30406509320417,360.0,1.0,1,11.955736370011582,1,1
1,1,2,0,0,7.85670679309584,7.753623546559746,4.8283137373023015,360.0,1.0,0,13.411982603617504,1,1
1,1,0,0,0,7.823645930834952,7.807103290125981,5.0751738152338275,360.0,1.0,1,14.097705042316187,1,1
1,1,4,1,0,8.167068178341237,8.080237416216702,5.0238805208462765,360.0,0.0,0,13.955223669017434,0,0
1,1,2,1,0,8.03365842788615,7.681560362559536,4.836281906951479,360.0,1.0,2,13.434116408198552,1,1
1,1,0,0,0,8.753529336516431,8.430109084509125,5.556828061699537,360.0,1.0,1,15.435633504720936,1,1
1,1,0,0,0,7.872836175025724,8.740336742730447,5.231108616854587,360.0,1.0,0,14.53085726904052,1,1
1,1,0,0,0,9.114159813502212,0.0,5.429345628954442,360.0,1.0,1,15.08151563598456,1,1
1,0,0,0,0,9.07680897935166,8.334951631422454,5.730099782973574,360.0,1.0,0,15.916943841593262,0,0
1,1,3,0,0,7.888334500738653,7.641564441260973,4.553876891600541,360.0,1.0,0,12.649658032223725,1,1
0,1,0,0,1,8.612503371220562,0.0,4.653960350157523,360.0,0.0,0,12.927667639326453,0,0
0,1,0,0,0,7.792761720816526,6.22455842927536,4.867534450455582,360.0,1.0,1,13.520929029043284,1,1
0,0,4,0,0,8.246171559857563,0.0,4.7535901911063645,180.0,1.0,2,26.40883439503536,1,1
1,1,2,0,0,9.027978814382207,8.06054004653864,5.105945473900579,360.0,1.0,0,14.183181871946054,1,1
1,1,1,0,0,8.262300941787446,0.0,4.204692619390967,360.0,1.0,2,11.679701720530463,0,0
1,1,0,1,0,8.006367567650246,7.418180822726788,4.605170185988092,480.0,0.0,2,9.594104554141857,0,0
1,1,3,0,0,8.550047528287182,8.06054004653864,5.298317366548036,360.0,1.0,1,14.717548240411212,1,1
0,0,1,0,0,8.460199469896118,0.0,4.394449154672439,360.0,1.0,1,12.206803207423443,0,0
1,1,2,0,0,8.517193191416238,8.207129168071326,5.4638318050256105,360.0,1.0,1,15.177310569515583,1,1
1,1,0,0,0,8.465899897028686,7.754910272021429,4.867534450455582,360.0,1.0,2,13.520929029043284,1,1
1,1,0,0,0,8.0106915391303,8.017307507688582,4.553876891600541,300.0,1.0,2,15.179589638668471,1,1
1,0,0,0,1,8.827907962978589,0.0,4.948759890378168,360.0,1.0,0,13.746555251050466,1,1
1,0,0,1,0,8.734881892047483,0.0,4.890349128221754,360.0,1.0,0,13.584303133949316,0,0
1,0,0,0,0,7.824046010856294,0.0,4.564348191467836,480.0,1.0,1,9.509058732224657,0,0
1,0,0,0,0,8.541690663016626,0.0,4.820281565605037,360.0,0.0,0,13.389671015569547,0,0
1,1,1,0,0,8.752265313595721,0.0,5.1647859739235145,360.0,1.0,1,14.346627705343096,1,1
1,1,0,0,0,9.889895599016661,8.569026340056254,6.345636360828596,360.0,1.0,0,17.626767668968323,0,0
0,0,0,0,1,9.665166909622071,0.0,4.007333185232471,360.0,1.0,1,11.131481070090198,1,1
1,1,2,0,0,8.553525120663627,0.0,5.043425116919247,360.0,1.0,1,14.009514213664573,1,1
1,1,2,0,1,9.140239744296693,8.971194463184466,5.9401712527204324,300.0,1.0,0,19.80057084240144,1,1
1,0,1,0,0,8.026823576217629,7.594381242551818,4.709530201312334,180.0,0.0,2,26.16405667395741,0,0
0,0,0,0,0,7.924434184887559,7.285506548522784,4.700480365792417,360.0,1.0,2,13.056889904978934,1,1
1,1,0,0,0,8.479906606630221,6.827629234502852,4.787491742782046,180.0,1.0,2,26.59717634878914,1,1
1,1,3,0,0,9.07680897935166,8.516392871245468,4.867534450455582,360.0,1.0,0,13.520929029043284,1,1
1,1,0,0,0,8.368693183097793,0.0,4.867534450455582,360.0,1.0,1,13.520929029043284,1,1
1,0,0,0,0,8.029107054619736,0.0,4.262679877041316,480.0,1.0,2,8.880583077169408,0,0
1,1,2,0,0,8.592486175451668,0.0,4.867534450455582,360.0,1.0,2,13.520929029043284,1,1
1,1,0,0,0,8.11162807830774,7.824046010856294,4.852030263919617,360.0,1.0,1,13.477861844221158,1,1
1,0,0,0,0,8.689632748355741,8.350429973538137,5.690359454324059,360.0,1.0,1,15.806554039789052,1,1
0,0,0,0,0,8.699514748210191,0.0,5.049856007249537,360.0,1.0,2,14.027377797915381,1,1
1,0,0,0,1,8.877242435993919,0.0,4.852030263919617,360.0,1.0,2,13.477861844221158,1,1
1,1,2,0,0,8.42639282708974,0.0,4.605170185988092,360.0,1.0,2,12.792139405522477,0,0
1,0,1,0,0,8.207129168071326,0.0,4.727387818712341,180.0,1.0,2,26.263265659513007,1,1
1,0,0,1,0,7.76046702921342,7.377758908227872,4.8828019225863715,360.0,1.0,1,13.563338673851034,1,1
1,1,0,1,0,8.009695357742922,8.0507033814703,4.852030263919617,360.0,0.0,2,13.477861844221158,0,0
1,1,0,0,0,7.754910272021429,7.7902823807034824,4.9126548857360515,360.0,1.0,2,13.646263571489031,1,1
1,1,0,0,0,8.610319169405722,0.0,4.8283137373023015,360.0,1.0,0,13.411982603617504,1,1
1,0,3,0,0,9.123365357961776,0.0,5.220355825078324,360.0,1.0,0,14.500988402995345,1,1
1,1,3,0,0,9.159468041602429,0.0,5.616771097666573,360.0,1.0,0,15.6021419379627,1,1
1,1,0,0,0,7.85670679309584,7.656810091480378,4.787491742782046,360.0,1.0,2,13.29858817439457,1,1
1,1,2,1,0,7.597396320212795,7.393263094763838,4.727387818712341,180.0,1.0,1,26.263265659513007,1,1
1,1,2,0,0,8.039157390473237,7.244227515603349,4.727387818712341,360.0,1.0,2,13.131632829756503,1,1
1,1,2,0,0,8.09437844497296,6.182084906716633,4.90527477843843,360.0,1.0,1,13.625763273440084,1,1
0,0,0,0,0,8.064636475774222,0.0,4.262679877041316,360.0,0.0,2,11.840777436225878,0,0
1,1,0,0,0,8.017307507688582,7.285506548522784,4.553876891600541,360.0,1.0,2,12.649658032223725,1,1
1,0,0,1,0,8.269244521183056,7.418180822726788,4.691347882229144,360.0,1.0,0,13.031521895080957,1,1
0,0,0,0,0,7.3132203870903005,7.495541943884256,4.634728988229637,360.0,0.0,1,12.874247189526768,0,0
1,1,2,1,0,7.968665700466236,0.0,3.80666248977032,180.0,0.0,2,21.148124943168444,0,0
1,0,0,1,0,7.9211727215870145,0.0,4.174387269895637,300.0,1.0,0,13.914624232985455,0,0
1,0,0,0,0,7.824046010856294,9.903487552536127,4.634728988229637,360.0,1.0,1,12.874247189526768,1,1
0,0,0,1,0,7.582229194276461,0.0,3.970291913552122,360.0,1.0,1,11.028588648755894,1,1
0,0,0,0,1,8.914760527397261,0.0,5.267858159063328,360.0,1.0,0,14.632939330731467,0,0
0,0,0,0,0,8.42222295382501,0.0,4.74493212836325,360.0,1.0,1,13.18036702323125,1,1
1,1,0,1,0,7.681099001536358,7.783224016336037,4.74493212836325,360.0,1.0,2,13.18036702323125,1,1
0,0,0,1,0,7.70210434005105,0.0,4.189654742026425,360.0,1.0,0,11.637929838962291,1,1
1,1,1,0,0,9.02401079378469,0.0,5.0238805208462765,300.0,0.0,1,16.74626840282092,0,0
1,1,3,0,0,11.302204433654575,0.0,5.886104031450156,360.0,0.0,0,16.350288976250432,0,0
0,0,1,1,1,8.260234291607297,0.0,4.127134385045092,360.0,1.0,1,11.464262180680809,0,0
1,1,0,0,0,8.741296282225148,0.0,5.0751738152338275,360.0,1.0,2,14.097705042316187,1,1
1,1,0,1,0,8.715388097366482,0.0,5.384495062789089,360.0,0.0,0,14.95693072996969,0,0
1,1,0,1,0,7.720017940432244,7.617267813628348,4.700480365792417,360.0,1.0,0,13.056889904978934,1,1
0,1,0,1,0,7.672757896642509,8.082402253926244,5.181783550292085,360.0,0.0,1,14.393843195255792,0,0
0,0,0,0,0,8.00469951054955,0.0,4.0943445622220995,360.0,1.0,2,11.373179339505832,1,1
0,0,1,0,0,7.863266724009573,0.0,5.0751738152338275,360.0,1.0,2,14.097705042316187,0,0
1,1,2,0,1,7.377758908227872,9.903487552536127,5.476463551931511,360.0,1.0,2,15.212398755365307,0,0
1,1,0,0,0,6.932447891572509,7.927685045615776,4.718498871295094,360.0,1.0,0,13.10694130915304,1,1
1,1,0,0,0,8.085178748074538,7.2562972396906815,4.927253685157205,360.0,1.0,1,13.686815792103348,1,1
1,1,0,0,0,8.670600738045549,0.0,4.927253685157205,360.0,1.0,0,13.686815792103348,1,1
0,0,0,1,0,7.908387159290043,0.0,4.382026634673881,360.0,0.0,2,12.172296207427447,0,0
1,1,0,0,0,7.506591780070841,7.449498005382849,4.605170185988092,360.0,1.0,2,12.792139405522477,1,1
1,1,1,0,0,8.88875674784872,7.418780882750793,4.700480365792417,360.0,0.0,2,13.056889904978934,0,0
1,1,0,0,0,9.607773308387085,0.0,4.564348191467836,360.0,1.0,1,12.678744976299544,1,1
1,1,0,0,0,7.888334500738653,8.366370301681654,4.795790545596741,360.0,1.0,0,13.321640404435392,1,1
0,0,1,1,0,8.43511508038063,0.0,4.394449154672439,360.0,1.0,0,12.206803207423443,0,0
1,1,2,0,0,8.688622307043769,0.0,4.890349128221754,360.0,1.0,1,13.584303133949316,1,1
1,1,0,0,0,7.979338895262327,2.780060789187662,4.465908118654584,360.0,1.0,0,12.405300329596066,1,1
1,0,0,1,0,7.907283609426348,0.0,4.0943445622220995,180.0,1.0,2,22.746358679011664,1,1
0,0,1,0,1,9.06230429314878,0.0,5.010635294096256,360.0,1.0,1,13.9184313724896,1,1
1,0,0,0,0,8.779557455883728,0.0,4.653960350157523,360.0,0.0,0,12.927667639326453,0,0
1,0,0,0,0,9.463120392418697,0.0,6.003887067106539,360.0,1.0,1,16.67746407529594,1,1
1,1,0,0,0,7.793586803371585,7.757906208351747,4.962844630259907,360.0,1.0,1,13.785679528499742,1,1
1,0,0,0,0,8.229511118964458,0.0,4.605170185988092,360.0,1.0,2,12.792139405522477,1,1
0,1,4,0,0,9.215029361462314,0.0,4.852030263919617,240.0,1.0,1,20.21679276633174,1,1
1,0,0,0,0,7.563200592358072,7.523481312573497,3.912023005428147,360.0,1.0,1,10.866730570633742,1,1
1,1,0,0,0,7.70210434005105,7.0255383146385215,4.852030263919617,360.0,1.0,2,13.477861844221158,1,1
1,0,0,0,1,9.251098364448351,0.0,5.231108616854587,360.0,0.0,2,14.53085726904052,0,0
0,1,0,1,1,8.873748128154395,0.0,4.927253685157205,360.0,1.0,0,13.686815792103348,1,1
1,0,0,0,0,8.205218426395414,8.529911963824013,5.231108616854587,360.0,1.0,1,14.53085726904052,1,1
1,1,0,0,0,8.974744612722734,7.513709247839705,5.1929568508902095,360.0,1.0,0,14.424880141361692,1,1
1,0,3,1,0,8.456806041401142,7.597396320212795,4.997212273764115,360.0,1.0,1,13.881145204900319,1,1
1,0,1,0,0,10.537919225261293,0.0,5.0238805208462765,360.0,1.0,1,13.955223669017434,1,1
1,1,0,0,0,8.9001399880938,9.027978814382207,5.1647859739235145,300.0,1.0,0,17.215953246411715,1,1
1,1,1,0,1,8.150756470275551,7.098375638590786,4.867534450455582,360.0,1.0,0,13.520929029043284,1,1
1,1,2,1,0,8.445052513638554,0.0,4.700480365792417,360.0,1.0,0,13.056889904978934,1,1
1,1,0,0,0,8.171599480345462,7.226936018493289,4.007333185232471,360.0,1.0,0,11.131481070090198,0,0
1,1,2,0,0,8.113726085970747,7.444248649496705,5.010635294096256,360.0,0.0,0,13.9184313724896,0,0
1,0,1,1,1,7.926241523170963,7.3408355541232755,5.247024072160486,360.0,1.0,1,14.575066867112461,0,0
1,1,2,1,0,7.744569809354496,7.134890851565884,4.8283137373023015,360.0,0.0,0,13.411982603617504,0,0
1,1,2,1,0,7.579678823090456,7.2834482287566304,4.0943445622220995,300.0,1.0,2,13.647815207407,1,1
1,1,0,0,0,8.280964400553373,7.457609289715606,5.003946305945459,360.0,0.0,0,13.899850849848498,0,0
1,1,0,0,0,7.817222785508166,7.8103526837242905,4.499809670330264,180.0,0.0,0,24.998942612945914,1,1
1,0,0,0,1,8.865735152124781,0.0,4.430816798843313,360.0,1.0,1,12.307824441231427,1,1
1,1,2,0,0,8.258163361537619,0.0,4.564348191467836,360.0,1.0,1,12.678744976299544,1,1
1,1,0,0,0,8.366602832783736,0.0,4.770684624465665,360.0,1.0,2,13.251901734626848,1,1
1,1,0,0,0,8.218247926685745,7.851271997109883,5.153291594497778,360.0,1.0,2,14.314698873604941,0,0
1,0,2,0,0,8.378850241794492,0.0,4.9126548857360515,360.0,1.0,0,13.646263571489031,1,1
1,1,0,0,0,9.028098811982401,0.0,5.0751738152338275,360.0,1.0,1,14.097705042316187,0,0
1,1,0,0,1,7.641564441260973,8.314587291319576,5.0751738152338275,360.0,1.0,1,14.097705042316187,1,1
1,1,3,0,0,8.954156966583772,0.0,4.852030263919617,180.0,1.0,2,26.955723688442315,1,1
1,1,0,0,0,8.011355109161286,7.690743163541873,5.030437921392434,360.0,1.0,0,13.973438670534538,1,1
0,0,1,1,0,8.55468163582723,0.0,4.8828019225863715,360.0,1.0,1,13.563338673851034,1,1
1,0,0,0,0,8.334711621820919,0.0,4.584967478670572,360.0,0.0,1,12.736020774084924,0,0
1,0,0,0,0,8.699514748210191,0.0,4.941642422609304,360.0,1.0,0,13.726784507248066,1,1
1,1,3,1,0,7.988542982737695,7.416979621381153,4.248495242049359,180.0,0.0,2,23.602751344718662,0,0
1,1,0,0,0,9.722684841711443,0.0,4.700480365792417,360.0,1.0,1,13.056889904978934,1,1
0,1,2,1,0,5.3471075307174685,7.978310969867723,4.584967478670572,360.0,1.0,1,12.736020774084924,1,1
1,1,0,0,0,8.37401542173991,7.804251383528112,4.700480365792417,360.0,1.0,2,13.056889904978934,0,0
1,1,1,0,1,8.146129510025405,7.639642287858013,5.087596335232384,360.0,1.0,1,14.132212042312176,1,1
1,1,1,1,0,7.88344635413774,7.3132203870903005,4.727387818712341,180.0,0.0,0,26.263265659513007,0,0
1,1,3,0,0,8.453401058328456,0.0,4.605170185988092,360.0,1.0,1,12.792139405522477,1,1
0,0,0,0,1,7.824046010856294,0.0,4.532599493153255,360.0,1.0,2,12.59055414764793,1,1
1,0,2,0,0,8.618304692784651,8.444192298531746,5.087596335232384,360.0,1.0,0,14.132212042312176,1,1
1,1,2,0,1,9.712629664719886,6.921658184151129,5.010635294096256,360.0,1.0,0,13.9184313724896,1,1
1,1,2,0,0,8.809862805379057,7.467371066917559,5.4380793089231965,300.0,1.0,1,18.12693102974399,1,1
1,1,2,0,0,7.96311205897929,7.534762657037537,4.8828019225863715,360.0,0.0,1,13.563338673851034,0,0
1,1,1,0,1,9.721185995542175,7.718685495198466,4.4543472962535064,360.0,1.0,1,12.373186934037516,1,1
1,1,2,0,0,7.988542982737695,7.379632152609552,4.852030263919617,360.0,1.0,2,13.477861844221158,0,0
0,0,0,1,0,8.377931124082732,0.0,5.0369526024136295,360.0,1.0,0,13.991535006704526,1,1
1,1,3,1,0,8.037543185118697,0.0,4.727387818712341,360.0,1.0,0,13.131632829756503,1,1
1,1,0,0,0,7.641564441260973,8.055157731819678,4.852030263919617,360.0,1.0,1,13.477861844221158,1,1
1,1,0,0,0,9.290352309945568,0.0,5.455321115357702,360.0,1.0,1,15.153669764882503,1,1
1,1,2,0,0,9.027978814382207,0.0,5.5053315359323625,360.0,1.0,1,15.292587599812117,1,1
1,1,1,1,0,7.579678823090456,7.798112628829787,4.875197323201151,360.0,1.0,0,13.542214786669865,1,1
1,0,2,0,0,8.173857454773621,0.0,4.382026634673881,360.0,0.0,0,12.172296207427447,0,0
1,1,1,0,0,9.816457993563024,0.0,6.214608098422191,360.0,1.0,2,17.262800273394976,0,0
1,1,2,0,1,8.430109084509125,7.641564441260973,5.0751738152338275,360.0,1.0,1,14.097705042316187,1,1
1,0,0,0,0,7.79770203551669,0.0,4.31748811353631,360.0,1.0,2,11.993022537600861,0,0
1,0,0,1,0,7.900636613018005,7.932003152361385,4.564348191467836,360.0,1.0,1,12.678744976299544,1,1
1,1,1,1,0,8.581669210600603,7.030857476116121,5.225746673713202,360.0,1.0,2,14.51596298253667,1,1
1,0,0,1,0,8.213652703029997,0.0,4.700480365792417,360.0,1.0,0,13.056889904978934,1,1
0,0,0,1,1,9.756320761816546,0.0,5.416100402204419,360.0,1.0,1,15.04472333945672,1,1
1,1,0,0,0,8.187855443695621,7.676473646389157,4.7791234931115305,360.0,0.0,0,13.275343036420917,0,0
0,1,1,0,0,8.109525659752872,6.816735880594968,4.653960350157523,84.0,1.0,1,55.404289882827655,1,1
1,1,0,1,0,7.863266724009573,7.438383530044308,4.672828834461906,360.0,1.0,0,12.980080095727516,1,1
1,1,0,0,0,8.439231649946526,7.957527402230773,4.709530201312334,12.0,1.0,2,392.46085010936116,1,1
1,1,1,0,1,7.970740390007094,0.0,4.553876891600541,360.0,1.0,1,12.649658032223725,1,1
1,0,0,0,0,8.745602852402946,8.392989587956931,5.342334251964812,360.0,0.0,0,14.839817366568923,0,0
0,0,0,0,0,6.4692503167957724,8.211482916445068,4.727387818712341,480.0,1.0,0,9.848724622317377,1,1
0,0,0,0,0,8.058010800802085,0.0,4.605170185988092,360.0,1.0,1,12.792139405522477,1,1
1,1,2,0,0,8.489821994620105,8.6347984334905,5.337538079701318,360.0,1.0,1,14.826494665836993,1,1
1,1,1,1,0,8.306472160100585,8.575839386848969,4.927253685157205,360.0,1.0,0,13.686815792103348,0,0
1,1,0,1,0,8.246433786160365,7.301822342137933,4.820281565605037,300.0,1.0,1,16.067605218683457,1,1
1,1,2,0,0,8.163371316459912,8.392989587956931,5.493061443340548,360.0,1.0,0,15.2585040092793,1,1
1,1,0,0,0,9.944293546928384,8.80492526261806,6.173786103901937,360.0,1.0,2,17.149405844172044,1,1
1,0,0,0,0,8.183955717304954,0.0,4.564348191467836,360.0,1.0,2,12.678744976299544,0,0
1,1,0,0,1,7.8156105320351905,8.0106915391303,5.236441962829949,360.0,1.0,2,14.545672118972082,1,1
0,0,1,0,0,9.492658081928813,0.0,3.688879454113936,360.0,1.0,2,10.24688737253871,1,1
1,0,0,1,0,8.188133414510478,7.160069207596128,4.605170185988092,360.0,1.0,0,12.792139405522477,0,0
1,1,1,0,0,8.71028982137815,7.6029004622047545,5.521460917862246,360.0,1.0,1,15.337391438506238,1,1
1,1,2,0,0,8.096512917501594,7.618251097876695,4.997212273764115,360.0,1.0,2,13.881145204900319,1,1
1,1,0,0,0,7.6638772587034705,8.804775258867686,4.248495242049359,180.0,1.0,1,23.602751344718662,0,0
1,0,0,0,0,8.668196064952765,8.20685642839965,5.739792912179233,360.0,1.0,0,15.94386920049787,0,0
1,1,3,0,0,8.150756470275551,8.13973227971767,5.010635294096256,360.0,1.0,0,13.9184313724896,1,1
0,1,2,0,0,7.616283561580385,7.397561535524052,4.727387818712341,480.0,1.0,1,9.848724622317377,1,1
1,1,4,1,0,8.03073492409854,7.495541943884256,4.812184355372417,360.0,0.0,1,13.367178764923382,0,0
1,0,0,0,0,8.451694209183541,7.557472901614746,5.220355825078324,360.0,1.0,1,14.500988402995345,0,0
0,0,0,1,0,8.131530710604252,0.0,4.553876891600541,360.0,1.0,0,12.649658032223725,0,0
1,1,2,1,0,7.692569648067906,7.4627891574124465,3.80666248977032,360.0,1.0,1,10.574062471584222,1,1
1,0,0,0,0,7.824046010856294,0.0,4.007333185232471,360.0,1.0,1,11.131481070090198,1,1
1,1,3,0,1,8.644178203170727,7.26122509197192,4.605170185988092,360.0,1.0,0,12.792139405522477,1,1
1,1,2,0,1,8.980675603671706,8.877102897864901,6.173786103901937,360.0,1.0,0,17.149405844172044,1,1
1,0,0,0,0,8.451053388911692,7.6434829070772015,4.852030263919617,360.0,1.0,1,13.477861844221158,0,0
1,1,2,0,1,9.769956159911604,0.0,5.991464547107983,360.0,1.0,0,16.642957075299954,1,1
1,1,0,0,0,8.236155661683124,0.0,4.700480365792417,360.0,1.0,1,13.056889904978934,1,1
1,1,1,1,0,8.572627898304338,7.265429723253952,5.081404364984463,360.0,0.0,1,14.115012124956843,1,1
1,0,1,1,0,7.893198869544609,7.171656822768514,4.543294782270004,360.0,1.0,1,12.620263284083343,1,1
1,0,0,1,0,8.82217476094608,0.0,4.867534450455582,360.0,1.0,1,13.520929029043284,1,1
1,1,0,0,0,6.932447891572509,8.612503371220562,5.375278407684165,360.0,1.0,0,14.931328910233793,1,1
1,1,3,0,0,8.361941906144947,0.0,4.605170185988092,360.0,1.0,2,12.792139405522477,1,1
1,0,2,0,0,8.185350223178688,0.0,4.700480365792417,360.0,0.0,0,13.056889904978934,0,0
1,0,1,0,0,9.328123407632567,0.0,5.278114659230517,360.0,1.0,1,14.661429608973657,0,0
0,0,0,1,1,9.807251944655302,0.0,4.8283137373023015,360.0,1.0,2,13.411982603617504,1,1
1,0,0,1,0,7.843848638152473,7.621684998724611,4.836281906951479,360.0,1.0,0,13.434116408198552,1,1
1,1,0,0,0,8.721439305625982,8.270269111436624,5.780743515792329,360.0,1.0,2,16.057620877200915,1,1
1,0,2,0,0,8.193400231952097,0.0,4.672828834461906,360.0,1.0,1,12.980080095727516,1,1
1,1,0,1,0,7.978310969867723,6.284134161070802,4.189654742026425,360.0,1.0,0,11.637929838962291,0,0
1,1,3,0,0,8.766705997750515,0.0,5.056245805348309,180.0,1.0,0,28.09025447415727,1,1
0,1,1,0,0,8.435549202375729,7.953318346560431,4.941642422609304,180.0,1.0,1,27.453569014496132,1,1
0,0,0,0,0,7.6676260915849905,0.0,4.59511985013459,360.0,0.0,1,12.764221805929417,0,0
0,0,1,0,0,8.20303024171486,0.0,4.553876891600541,360.0,1.0,1,12.649658032223725,1,1
1,1,1,1,0,7.713784616598755,7.833600223661103,4.852030263919617,360.0,1.0,2,13.477861844221158,1,1
0,1,0,1,0,8.012018239159062,6.496774990185863,4.624972813284272,360.0,1.0,1,12.847146703567422,1,1
1,1,0,0,0,7.92588031673756,7.575584651557793,5.043425116919247,360.0,1.0,0,14.009514213664573,1,1
1,0,0,1,0,8.119100837637486,0.0,4.382026634673881,36.0,1.0,1,121.72296207427446,0,0
1,0,0,0,0,7.834392302910435,7.48605261786314,4.976733742420574,360.0,1.0,0,13.824260395612706,1,1
0,0,0,0,0,8.517193191416238,0.0,4.634728988229637,360.0,0.0,1,12.874247189526768,0,0
1,1,0,0,0,7.932003152361385,7.6088706291912604,4.700480365792417,360.0,1.0,0,13.056889904978934,1,1
1,1,2,0,1,8.799812469525557,0.0,4.852030263919617,360.0,0.0,0,13.477861844221158,0,0
1,1,1,1,0,7.820840879907343,7.772752716468742,4.852030263919617,360.0,1.0,0,13.477861844221158,1,1
1,1,1,0,0,8.11162807830774,8.086410275323782,5.062595033026967,360.0,1.0,2,14.062763980630464,1,1
1,1,0,1,0,7.805474625270858,7.754910272021429,5.198497031265826,360.0,0.0,2,14.44026953129396,0,0
1,1,0,0,0,8.186742787113518,8.358431899031295,4.8828019225863715,180.0,0.0,0,27.126677347702067,0,0
1,1,1,0,0,8.60666819784384,6.939253946041508,3.258096538021482,360.0,1.0,1,9.050268161170784,1,1
0,0,0,0,0,7.888709524182015,7.393263094763838,4.430816798843313,360.0,1.0,2,12.307824441231427,1,1
1,1,3,0,1,9.22414465295258,0.0,5.5606816310155285,360.0,1.0,1,15.446337863932023,1,1
1,1,0,0,0,8.265392930852224,7.889459149404523,5.087596335232384,360.0,1.0,1,14.132212042312176,1,1
0,1,0,0,0,8.338066525518801,7.743269700829004,5.204006687076795,360.0,1.0,1,14.455574130768875,1,1
1,1,2,1,0,8.209308411646937,5.488937726156687,4.68213122712422,360.0,1.0,1,13.005920075345054,1,1
0,1,1,0,1,9.877348894926431,0.0,6.396929655216146,360.0,1.0,1,17.76924904226707,1,1
1,1,0,0,0,8.686598356276965,7.627544390488503,5.351858133476067,360.0,1.0,0,14.866272592989073,1,1
1,0,0,1,1,8.66561319653451,0.0,4.8828019225863715,360.0,1.0,1,13.563338673851034,1,1
1,1,2,0,0,9.08239335764556,0.0,5.552959584921617,360.0,0.0,2,15.424887735893382,0,0
1,1,0,1,0,8.404472321352117,0.0,4.787491742782046,360.0,1.0,0,13.29858817439457,1,1
1,0,0,0,0,8.11162807830774,0.0,4.248495242049359,360.0,1.0,2,11.801375672359331,1,1
1,1,3,0,0,8.131530710604252,7.824046010856294,4.812184355372417,360.0,0.0,0,13.367178764923382,0,0
0,0,0,0,0,7.774015077250727,0.0,2.19722457733622,360.0,1.0,2,6.103401603711722,0,0
1,1,0,0,0,8.060224240440958,7.632401126601453,4.6443908991413725,360.0,0.0,2,12.901085830948258,0,0
1,1,1,0,0,8.136518252115291,7.467371066917559,5.225746673713202,360.0,1.0,2,14.51596298253667,1,1
1,1,4,0,0,8.540128162698734,7.280008252884188,5.105945473900579,360.0,0.0,2,14.183181871946054,0,0
1,1,2,0,0,9.721125994942152,0.0,5.616771097666573,360.0,1.0,2,15.6021419379627,1,1
1,1,2,1,0,8.720134035412928,7.393263094763838,5.231108616854587,480.0,1.0,1,10.89814295178039,0,0
1,1,3,0,0,8.764990330169104,0.0,5.010635294096256,360.0,1.0,1,13.9184313724896,0,0
1,1,2,0,0,8.058010800802085,6.133398042996649,4.68213122712422,84.0,1.0,2,55.739657465764516,1,1
1,1,0,0,0,8.034955024502159,7.7007477945117975,4.9126548857360515,360.0,0.0,1,13.646263571489031,0,0
1,0,0,0,0,8.079927770758276,7.915348169263077,4.700480365792417,360.0,1.0,2,13.056889904978934,1,1
1,1,1,0,0,7.485491608030754,7.710653323501202,4.672828834461906,360.0,1.0,0,12.980080095727516,1,1
1,0,0,0,0,8.065265208897733,7.978310969867723,5.081404364984463,360.0,1.0,2,14.115012124956843,1,1
1,1,2,0,0,8.785692444451245,0.0,5.3230099791384085,360.0,1.0,1,14.786138830940022,1,1
1,0,0,0,0,7.515344571180437,10.429310157308027,4.499809670330264,360.0,1.0,2,12.499471306472957,0,0
0,1,0,0,0,8.060224240440958,0.0,3.58351893845611,360.0,1.0,1,9.954219273489194,1,1
1,1,1,0,0,7.539027055823995,0.0,4.110873864173311,360.0,1.0,0,11.419094067148087,0,0
1,1,1,0,0,7.932721027481947,7.558516743045645,4.9836066217083355,360.0,0.0,0,13.843351726967597,0,0
1,1,1,0,0,8.36240897761537,8.006367567650246,5.147494476813453,84.0,1.0,0,61.279696152541106,0,0
1,1,0,0,0,7.739359202689098,7.327780538421631,4.6443908991413725,360.0,1.0,2,12.901085830948258,1,1
0,0,0,1,0,7.680175640436589,0.0,4.248495242049359,360.0,1.0,1,11.801375672359331,1,1
1,0,0,0,0,8.465899897028686,0.0,4.543294782270004,360.0,1.0,1,12.620263284083343,1,1
1,1,2,0,1,7.910590612256477,0.0,4.663439094112067,360.0,0.0,1,12.953997483644631,0,0
1,1,0,0,0,8.006367567650246,8.13622555490846,4.02535169073515,180.0,1.0,1,22.36306494852861,1,1
1,1,2,0,1,8.699514748210191,0.0,5.3230099791384085,240.0,1.0,1,22.179208246410035,0,0
1,0,3,0,1,9.143880005275912,0.0,5.676753802268282,360.0,1.0,1,15.76876056185634,1,1
1,1,0,0,0,8.258163361537619,8.101677747454572,4.955827057601262,180.0,1.0,0,27.532372542229233,1,1
1,1,0,0,1,9.68781601606062,0.0,5.5606816310155285,360.0,1.0,2,15.446337863932023,1,1
1,0,0,1,0,8.251403065380556,0.0,4.700480365792417,360.0,1.0,0,13.056889904978934,1,1
1,1,2,1,1,8.761393485256058,6.907755278982138,5.231108616854587,360.0,1.0,0,14.53085726904052,0,0
1,0,4,0,0,8.00202481821611,0.0,4.477336814478207,360.0,0.0,1,12.437046706883908,0,0
1,1,0,0,1,9.206633510044854,0.0,5.1929568508902095,360.0,1.0,0,14.424880141361692,1,1
1,1,2,0,0,8.662158961666423,0.0,5.2574953720277815,360.0,1.0,2,14.604153811188283,1,1
0,0,3,0,0,6.030685260261262,10.637464727584328,5.857933154483459,180.0,1.0,2,32.54407308046366,0,0
1,1,0,1,0,7.970394907191429,7.934513463882262,5.043425116919247,360.0,1.0,0,14.009514213664573,1,1
1,1,3,0,0,8.648747631156539,0.0,4.852030263919617,360.0,1.0,2,13.477861844221158,1,1
1,0,0,0,0,8.209580483475577,8.366602832783736,5.147494476813453,360.0,1.0,0,14.298595768926258,1,1
0,1,1,0,0,9.392661928770137,0.0,6.206575926724928,360.0,1.0,1,17.24048868534702,1,1
1,1,0,1,0,7.783224016336037,8.242756345714477,4.852030263919617,180.0,1.0,2,26.955723688442315,0,0
1,1,1,0,0,8.131530710604252,7.824046010856294,5.153291594497778,360.0,1.0,1,14.314698873604941,1,1
1,1,2,1,0,8.290794347381357,7.2520539518528135,5.056245805348309,360.0,1.0,0,14.045127237078635,1,1
1,1,0,0,0,8.080856419640988,7.575584651557793,4.68213122712422,360.0,1.0,0,13.005920075345054,1,1
0,0,0,0,0,7.972466015974565,0.0,4.262679877041316,360.0,1.0,0,11.840777436225878,1,1
1,1,3,0,0,8.32020459757888,0.0,3.688879454113936,180.0,1.0,0,20.49377474507742,1,1
1,1,1,0,0,8.996156562033446,5.48063892334199,5.5333894887275195,360.0,1.0,2,15.370526357576441,1,1
1,1,2,0,0,8.933664178700935,0.0,5.231108616854587,360.0,1.0,2,14.53085726904052,1,1
0,0,0,0,1,8.430109084509125,0.0,4.890349128221754,360.0,0.0,1,13.584303133949316,0,0
