Dependents,ApplicantIncome,CoapplicantIncome,LoanAmount,Loan_Amount_Term,Loan_Status,Income,Montantparmois,Arembourer,Apasrembourer,Married_No,Married_Yes,Education_Graduate,Education_Not Graduate,Property_Area_Rural,Property_Area_Semiurban,Property_Area_Urban
0,5849,0.0,146050.7614213198,360.0,1,5849.0,405.6965595036661,1,0,1,0,1,0,0,0,1
1,4583,1508.0,128000.0,360.0,0,6091.0,355.55555555555554,1,0,0,1,1,0,1,0,0
0,3000,0.0,66000.0,360.0,1,3000.0,183.33333333333334,1,0,0,1,1,0,0,0,1
0,2583,2358.0,120000.0,360.0,1,4941.0,333.3333333333333,1,0,0,1,0,1,0,0,1
0,6000,0.0,141000.0,360.0,1,6000.0,391.6666666666667,1,0,1,0,1,0,0,0,1
2,5417,4196.0,267000.0,360.0,1,9613.0,741.6666666666666,1,0,0,1,1,0,0,0,1
0,2333,1516.0,95000.0,360.0,1,3849.0,263.8888888888889,1,0,0,1,0,1,0,0,1
3,3036,2504.0,158000.0,360.0,0,5540.0,438.8888888888889,0,1,0,1,1,0,0,1,0
2,4006,1526.0,168000.0,360.0,1,5532.0,466.6666666666667,1,0,0,1,1,0,0,0,1
1,12841,10000.0,349000.0,360.0,0,20000.0,969.4444444444445,1,0,0,1,1,0,0,1,0
2,3200,700.0,70000.0,360.0,1,3900.0,194.44444444444446,1,0,0,1,1,0,0,0,1
2,2500,1840.0,109000.0,360.0,1,4340.0,302.77777777777777,1,0,0,1,1,0,0,0,1
2,3073,8106.0,200000.0,360.0,1,11179.0,555.5555555555555,1,0,0,1,1,0,0,0,1
0,1853,2840.0,114000.0,360.0,0,4693.0,316.6666666666667,1,0,1,0,1,0,1,0,0
2,1299,1086.0,17000.0,120.0,1,2385.0,141.66666666666666,1,0,0,1,1,0,0,0,1
0,4950,0.0,125000.0,360.0,1,4950.0,347.22222222222223,1,0,1,0,1,0,0,0,1
1,3596,0.0,100000.0,240.0,1,3596.0,416.6666666666667,0,1,1,0,0,1,0,0,1
0,3510,0.0,76000.0,360.0,0,3510.0,211.11111111111111,0,1,1,0,1,0,0,0,1
0,4887,0.0,133000.0,360.0,0,4887.0,369.44444444444446,1,0,0,1,0,1,1,0,0
0,2600,3500.0,115000.0,341.9699499165275,1,6100.0,336.28685803554,1,0,0,1,1,0,0,0,1
0,7660,0.0,104000.0,360.0,0,7660.0,288.8888888888889,0,1,0,1,0,1,0,0,1
1,5955,5625.0,315000.0,360.0,1,11580.0,875.0,1,0,0,1,1,0,0,0,1
0,2600,1911.0,116000.0,360.0,0,4511.0,322.22222222222223,0,1,0,1,0,1,0,1,0
2,3365,1917.0,112000.0,360.0,0,5282.0,311.1111111111111,0,1,0,1,0,1,1,0,0
1,3717,2925.0,151000.0,360.0,0,6642.0,419.44444444444446,0,1,0,1,1,0,0,1,0
0,9560,0.0,191000.0,360.0,1,9560.0,530.5555555555555,1,0,0,1,1,0,0,1,0
0,2799,2253.0,122000.0,360.0,1,5052.0,338.8888888888889,1,0,0,1,1,0,0,1,0
2,4226,1040.0,110000.0,360.0,1,5266.0,305.55555555555554,1,0,0,1,0,1,0,0,1
0,1442,0.0,35000.0,360.0,0,1442.0,97.22222222222223,1,0,1,0,0,1,0,0,1
2,3750,2083.0,120000.0,360.0,1,5833.0,333.3333333333333,1,0,1,0,1,0,0,1,0
1,4166,3369.0,201000.0,360.0,0,7535.0,558.3333333333334,0,1,0,1,1,0,0,0,1
0,3167,0.0,74000.0,360.0,0,3167.0,205.55555555555554,1,0,1,0,1,0,0,0,1
1,4692,0.0,106000.0,360.0,0,4692.0,294.44444444444446,1,0,1,0,1,0,1,0,0
0,3500,1667.0,114000.0,360.0,1,5167.0,316.6666666666667,1,0,0,1,1,0,0,1,0
3,12500,3000.0,320000.0,360.0,0,15500.0,888.8888888888889,1,0,1,0,1,0,1,0,0
0,2275,2067.0,146050.7614213198,360.0,1,4342.0,405.6965595036661,1,0,0,1,1,0,0,0,1
0,1828,1330.0,100000.0,341.9699499165275,0,3158.0,292.423354813513,0,1,0,1,1,0,0,0,1
0,3667,1459.0,144000.0,360.0,1,5126.0,400.0,1,0,0,1,1,0,0,1,0
0,4166,7210.0,184000.0,360.0,1,11376.0,511.1111111111111,1,0,1,0,1,0,0,0,1
0,3748,1668.0,110000.0,360.0,1,5416.0,305.55555555555554,1,0,1,0,0,1,0,1,0
0,3600,0.0,80000.0,360.0,0,3600.0,222.22222222222223,1,0,1,0,1,0,0,0,1
0,1800,1213.0,47000.0,360.0,1,3013.0,130.55555555555554,1,0,1,0,1,0,0,0,1
0,2400,0.0,75000.0,360.0,1,2400.0,208.33333333333334,0,1,0,1,1,0,0,0,1
0,3941,2336.0,134000.0,360.0,1,6277.0,372.22222222222223,1,0,0,1,1,0,0,1,0
0,4695,0.0,96000.0,341.9699499165275,1,4695.0,280.7264206209725,1,0,0,1,0,1,0,0,1
0,3410,0.0,88000.0,341.9699499165275,1,3410.0,257.33255223589146,1,0,1,0,1,0,0,0,1
1,5649,0.0,44000.0,360.0,1,5649.0,122.22222222222223,1,0,0,1,1,0,0,0,1
0,5821,0.0,144000.0,360.0,1,5821.0,400.0,1,0,0,1,1,0,0,0,1
0,2645,3440.0,120000.0,360.0,0,6085.0,333.3333333333333,0,1,0,1,1,0,0,0,1
0,4000,2275.0,144000.0,360.0,1,6275.0,400.0,1,0,1,0,1,0,0,1,0
0,1928,1644.0,100000.0,360.0,1,3572.0,277.77777777777777,1,0,0,1,0,1,0,1,0
0,3086,0.0,120000.0,360.0,1,3086.0,333.3333333333333,1,0,1,0,1,0,0,1,0
0,4230,0.0,112000.0,360.0,0,4230.0,311.1111111111111,1,0,1,0,1,0,0,1,0
2,4616,0.0,134000.0,360.0,0,4616.0,372.22222222222223,1,0,0,1,1,0,0,0,1
1,11500,0.0,286000.0,360.0,0,11500.0,794.4444444444445,0,1,0,1,1,0,0,0,1
2,2708,1167.0,97000.0,360.0,1,3875.0,269.44444444444446,1,0,0,1,1,0,0,1,0
0,2132,1591.0,96000.0,360.0,1,3723.0,266.6666666666667,1,0,0,1,1,0,0,1,0
0,3366,2200.0,135000.0,360.0,0,5566.0,375.0,1,0,0,1,1,0,1,0,0
1,8080,2250.0,180000.0,360.0,1,10330.0,500.0,1,0,0,1,1,0,0,0,1
2,3357,2859.0,144000.0,360.0,1,6216.0,400.0,1,0,0,1,0,1,0,0,1
0,2500,3796.0,120000.0,360.0,1,6296.0,333.3333333333333,1,0,0,1,1,0,0,0,1
3,3029,0.0,99000.0,360.0,1,3029.0,275.0,1,0,0,1,1,0,0,0,1
0,2609,3449.0,165000.0,180.0,0,6058.0,916.6666666666666,0,1,0,1,0,1,1,0,0
1,4945,0.0,146050.7614213198,360.0,0,4945.0,405.6965595036661,0,1,0,1,1,0,1,0,0
0,4166,0.0,116000.0,360.0,0,4166.0,322.22222222222223,0,1,1,0,1,0,0,1,0
0,5726,4595.0,258000.0,360.0,0,10321.0,716.6666666666666,1,0,0,1,1,0,0,1,0
0,3200,2254.0,126000.0,180.0,0,5454.0,700.0,0,1,1,0,0,1,0,0,1
1,10750,0.0,312000.0,360.0,1,10750.0,866.6666666666666,1,0,0,1,1,0,0,0,1
3,7100,0.0,125000.0,60.0,1,7100.0,2083.3333333333335,1,0,0,1,0,1,0,0,1
0,4300,0.0,136000.0,360.0,0,4300.0,377.77777777777777,0,1,1,0,1,0,0,1,0
0,3208,3066.0,172000.0,360.0,1,6274.0,477.77777777777777,1,0,0,1,1,0,0,0,1
2,1875,1875.0,97000.0,360.0,1,3750.0,269.44444444444446,1,0,0,1,0,1,0,1,0
0,3500,0.0,81000.0,300.0,1,3500.0,270.0,1,0,1,0,1,0,0,1,0
3,4755,0.0,95000.0,341.9699499165275,0,4755.0,277.80218707283734,0,1,0,1,0,1,0,1,0
3,5266,1774.0,187000.0,360.0,1,7040.0,519.4444444444445,1,0,0,1,1,0,0,1,0
0,3750,0.0,113000.0,480.0,0,3750.0,235.41666666666666,1,0,1,0,1,0,0,0,1
0,3750,4750.0,176000.0,360.0,0,8500.0,488.8888888888889,1,0,1,0,1,0,0,0,1
1,1000,3022.0,110000.0,360.0,0,4022.0,305.55555555555554,1,0,0,1,1,0,0,0,1
3,3167,4000.0,180000.0,300.0,0,7167.0,600.0,0,1,0,1,1,0,0,1,0
3,3333,2166.0,130000.0,360.0,1,5499.0,361.1111111111111,0,1,0,1,0,1,0,1,0
0,3846,0.0,111000.0,360.0,1,3846.0,308.3333333333333,1,0,1,0,1,0,0,1,0
1,2395,0.0,146050.7614213198,360.0,1,2395.0,405.6965595036661,1,0,0,1,1,0,0,1,0
2,1378,1881.0,167000.0,360.0,0,3259.0,463.8888888888889,1,0,0,1,1,0,0,0,1
0,6000,2250.0,265000.0,360.0,0,8250.0,736.1111111111111,0,1,0,1,1,0,0,1,0
1,3988,0.0,50000.0,240.0,1,3988.0,208.33333333333334,1,0,0,1,1,0,0,0,1
0,2366,2531.0,136000.0,360.0,1,4897.0,377.77777777777777,1,0,1,0,1,0,0,1,0
2,3333,2000.0,99000.0,360.0,1,5333.0,275.0,0,1,0,1,0,1,0,1,0
0,2500,2118.0,104000.0,360.0,1,4618.0,288.8888888888889,1,0,0,1,1,0,0,1,0
0,8566,0.0,210000.0,360.0,1,8566.0,583.3333333333334,1,0,1,0,1,0,0,0,1
0,5695,4167.0,175000.0,360.0,1,9862.0,486.1111111111111,1,0,0,1,1,0,0,1,0
0,2958,2900.0,131000.0,360.0,1,5858.0,363.8888888888889,1,0,0,1,1,0,0,1,0
2,6250,5654.0,188000.0,180.0,1,11904.0,1044.4444444444443,1,0,0,1,1,0,0,1,0
2,3273,1820.0,81000.0,360.0,1,5093.0,225.0,1,0,0,1,0,1,0,0,1
0,4133,0.0,122000.0,360.0,1,4133.0,338.8888888888889,1,0,1,0,1,0,0,1,0
0,3620,0.0,25000.0,120.0,1,3620.0,208.33333333333334,1,0,1,0,0,1,0,1,0
0,6782,0.0,146050.7614213198,360.0,0,6782.0,405.6965595036661,0,1,1,0,1,0,0,0,1
0,2484,2302.0,137000.0,360.0,1,4786.0,380.55555555555554,1,0,0,1,1,0,0,1,0
0,1977,997.0,50000.0,360.0,1,2974.0,138.88888888888889,1,0,0,1,1,0,0,1,0
0,4188,0.0,115000.0,180.0,1,4188.0,638.8888888888889,1,0,0,1,0,1,0,1,0
0,1759,3541.0,131000.0,360.0,1,5300.0,363.8888888888889,1,0,0,1,1,0,0,1,0
2,4288,3263.0,133000.0,180.0,1,7551.0,738.8888888888889,1,0,0,1,0,1,0,0,1
0,4843,3806.0,151000.0,360.0,1,8649.0,419.44444444444446,1,0,1,0,1,0,0,1,0
0,13650,0.0,146050.7614213198,360.0,1,13650.0,405.6965595036661,1,0,0,1,1,0,0,0,1
0,4652,3583.0,146050.7614213198,360.0,1,8235.0,405.6965595036661,1,0,0,1,1,0,0,1,0
0,3816,754.0,160000.0,360.0,1,4570.0,444.44444444444446,1,0,0,1,1,0,0,0,1
1,3052,1030.0,100000.0,360.0,1,4082.0,277.77777777777777,1,0,0,1,1,0,0,0,1
2,11417,1126.0,225000.0,360.0,1,12543.0,625.0,1,0,0,1,1,0,0,0,1
0,7333,0.0,120000.0,360.0,0,7333.0,333.3333333333333,1,0,1,0,0,1,1,0,0
2,3800,3600.0,216000.0,360.0,0,7400.0,600.0,0,1,0,1,1,0,0,0,1
3,2071,754.0,94000.0,480.0,1,2825.0,195.83333333333334,1,0,0,1,0,1,0,1,0
0,5316,0.0,136000.0,360.0,1,5316.0,377.77777777777777,1,0,1,0,1,0,0,0,1
0,2929,2333.0,139000.0,360.0,1,5262.0,386.1111111111111,1,0,0,1,1,0,0,1,0
0,3572,4114.0,152000.0,341.9699499165275,0,7686.0,444.4834993165398,0,1,0,1,0,1,1,0,0
1,7451,0.0,146050.7614213198,360.0,1,7451.0,405.6965595036661,1,0,1,0,1,0,0,1,0
0,5050,0.0,118000.0,360.0,1,5050.0,327.77777777777777,1,0,1,0,1,0,0,1,0
1,14583,0.0,185000.0,180.0,1,14583.0,1027.7777777777778,1,0,0,1,1,0,1,0,0
0,3167,2283.0,154000.0,360.0,1,5450.0,427.77777777777777,1,0,0,1,1,0,0,1,0
1,2214,1398.0,85000.0,360.0,1,3612.0,236.11111111111111,0,1,0,1,1,0,0,0,1
0,5568,2142.0,175000.0,360.0,0,7710.0,486.1111111111111,1,0,0,1,1,0,1,0,0
0,10408,0.0,259000.0,360.0,1,10408.0,719.4444444444445,1,0,1,0,1,0,0,0,1
0,5667,2667.0,180000.0,360.0,1,8334.0,500.0,1,0,0,1,1,0,1,0,0
0,4166,0.0,44000.0,360.0,1,4166.0,122.22222222222223,1,0,1,0,1,0,0,1,0
0,2137,8980.0,137000.0,360.0,1,11117.0,380.55555555555554,0,1,1,0,1,0,0,1,0
2,2957,0.0,81000.0,360.0,1,2957.0,225.0,1,0,0,1,1,0,0,1,0
0,4300,2014.0,194000.0,360.0,1,6314.0,538.8888888888889,1,0,0,1,0,1,1,0,0
0,3692,0.0,93000.0,360.0,1,3692.0,258.3333333333333,0,1,1,0,1,0,1,0,0
3,20000,0.0,370000.0,360.0,1,20000.0,1027.7777777777778,1,0,0,1,1,0,1,0,0
0,3865,1640.0,146050.7614213198,360.0,1,5505.0,405.6965595036661,1,0,1,0,1,0,1,0,0
1,10513,3850.0,160000.0,180.0,0,14363.0,888.8888888888889,0,1,0,1,1,0,0,0,1
0,6080,2569.0,182000.0,360.0,0,8649.0,505.55555555555554,0,1,0,1,1,0,1,0,0
0,20000,0.0,650000.0,480.0,1,20000.0,1354.1666666666667,0,1,1,0,1,0,0,0,1
0,2014,1929.0,74000.0,360.0,1,3943.0,205.55555555555554,1,0,1,0,1,0,0,0,1
0,2718,0.0,70000.0,360.0,1,2718.0,194.44444444444446,1,0,1,0,1,0,0,1,0
0,3459,0.0,25000.0,120.0,1,3459.0,208.33333333333334,1,0,0,1,1,0,0,1,0
0,4895,0.0,102000.0,360.0,1,4895.0,283.3333333333333,1,0,1,0,1,0,0,1,0
3,4000,7750.0,290000.0,360.0,0,11750.0,805.5555555555555,1,0,0,1,1,0,0,1,0
0,4583,0.0,84000.0,360.0,0,4583.0,233.33333333333334,1,0,0,1,1,0,1,0,0
2,3316,3500.0,88000.0,360.0,1,6816.0,244.44444444444446,1,0,0,1,1,0,0,0,1
0,14999,0.0,242000.0,360.0,0,14999.0,672.2222222222222,0,1,1,0,1,0,0,1,0
2,4200,1430.0,129000.0,360.0,0,5630.0,358.3333333333333,1,0,0,1,0,1,1,0,0
2,5042,2083.0,185000.0,360.0,0,7125.0,513.8888888888889,1,0,0,1,1,0,1,0,0
0,5417,0.0,168000.0,360.0,1,5417.0,466.6666666666667,1,0,1,0,1,0,0,0,1
0,6950,0.0,175000.0,180.0,1,6950.0,972.2222222222222,1,0,1,0,1,0,0,1,0
0,2698,2034.0,122000.0,360.0,1,4732.0,338.8888888888889,1,0,0,1,1,0,0,1,0
2,11757,0.0,187000.0,180.0,1,11757.0,1038.888888888889,1,0,0,1,1,0,0,0,1
0,2330,4486.0,100000.0,360.0,1,6816.0,277.77777777777777,1,0,0,1,1,0,0,1,0
2,14866,0.0,70000.0,360.0,1,14866.0,194.44444444444446,1,0,0,1,1,0,0,0,1
1,1538,1425.0,30000.0,360.0,1,2963.0,83.33333333333333,1,0,0,1,1,0,0,0,1
0,10000,1666.0,225000.0,360.0,0,11666.0,625.0,1,0,1,0,1,0,1,0,0
0,4860,830.0,125000.0,360.0,1,5690.0,347.22222222222223,1,0,0,1,1,0,0,1,0
0,6277,0.0,118000.0,360.0,0,6277.0,327.77777777777777,0,1,1,0,1,0,1,0,0
0,2577,3750.0,152000.0,360.0,1,6327.0,422.22222222222223,1,0,0,1,1,0,1,0,0
0,9166,0.0,244000.0,360.0,0,9166.0,677.7777777777778,1,0,1,0,1,0,0,0,1
2,2281,0.0,113000.0,360.0,0,2281.0,313.8888888888889,1,0,0,1,0,1,1,0,0
0,3254,0.0,50000.0,360.0,1,3254.0,138.88888888888889,1,0,1,0,1,0,0,0,1
3,20000,0.0,600000.0,180.0,1,20000.0,3333.3333333333335,0,1,0,1,1,0,0,1,0
1,6000,0.0,160000.0,360.0,1,6000.0,444.44444444444446,0,1,0,1,1,0,1,0,0
1,9538,0.0,187000.0,360.0,1,9538.0,519.4444444444445,1,0,0,1,1,0,0,0,1
0,2980,2083.0,120000.0,360.0,1,5063.0,333.3333333333333,1,0,1,0,1,0,1,0,0
0,4583,5625.0,255000.0,360.0,1,10208.0,708.3333333333334,1,0,0,1,1,0,0,1,0
0,1863,1041.0,98000.0,360.0,1,2904.0,272.22222222222223,1,0,0,1,0,1,0,1,0
0,7933,0.0,275000.0,360.0,0,7933.0,763.8888888888889,1,0,0,1,1,0,0,0,1
1,3089,1280.0,121000.0,360.0,0,4369.0,336.1111111111111,0,1,0,1,1,0,0,1,0
2,4167,1447.0,158000.0,360.0,1,5614.0,438.8888888888889,1,0,0,1,1,0,1,0,0
0,9323,0.0,75000.0,180.0,1,9323.0,416.6666666666667,1,0,0,1,1,0,0,0,1
0,3707,3166.0,182000.0,341.9699499165275,1,6873.0,532.2105057605937,1,0,0,1,1,0,1,0,0
0,4583,0.0,112000.0,360.0,0,4583.0,311.1111111111111,1,0,0,1,1,0,1,0,0
0,2439,3333.0,129000.0,360.0,1,5772.0,358.3333333333333,1,0,0,1,1,0,1,0,0
0,2237,0.0,63000.0,480.0,0,2237.0,131.25,0,1,1,0,1,0,0,1,0
2,8000,0.0,200000.0,360.0,1,8000.0,555.5555555555555,1,0,0,1,1,0,0,1,0
0,1820,1769.0,95000.0,360.0,1,3589.0,263.8888888888889,1,0,0,1,0,1,1,0,0
3,20000,0.0,700000.0,300.0,1,20000.0,2333.3333333333335,1,0,0,1,1,0,0,0,1
3,3522,0.0,81000.0,180.0,0,3522.0,450.0,1,0,0,1,0,1,1,0,0
0,5708,5625.0,187000.0,360.0,1,11333.0,519.4444444444445,1,0,0,1,1,0,0,1,0
0,4344,736.0,87000.0,360.0,0,5080.0,241.66666666666666,1,0,0,1,0,1,0,1,0
0,3497,1964.0,116000.0,360.0,1,5461.0,322.22222222222223,1,0,0,1,1,0,1,0,0
2,2045,1619.0,101000.0,360.0,1,3664.0,280.55555555555554,1,0,0,1,1,0,1,0,0
3,5516,10000.0,495000.0,360.0,0,16816.0,1375.0,0,1,0,1,1,0,0,1,0
1,3750,0.0,116000.0,360.0,1,3750.0,322.22222222222223,1,0,0,1,1,0,0,1,0
0,2333,1451.0,102000.0,480.0,0,3784.0,212.5,0,1,1,0,0,1,0,0,1
1,6400,7250.0,180000.0,360.0,0,13650.0,500.0,0,1,0,1,1,0,0,0,1
0,1916,5063.0,67000.0,360.0,0,6979.0,186.11111111111111,0,1,1,0,1,0,1,0,0
0,4600,0.0,73000.0,180.0,1,4600.0,405.55555555555554,1,0,0,1,1,0,0,1,0
1,20000,0.0,260000.0,360.0,0,20000.0,722.2222222222222,1,0,0,1,1,0,0,1,0
0,3625,0.0,108000.0,360.0,1,3625.0,300.0,1,0,0,1,1,0,0,1,0
0,20000,4750.0,120000.0,360.0,1,20000.0,333.3333333333333,1,0,0,1,1,0,0,1,0
1,2178,0.0,66000.0,300.0,0,2178.0,220.0,0,1,0,1,1,0,1,0,0
0,2383,2138.0,58000.0,360.0,1,4521.0,161.11111111111111,0,1,0,1,1,0,1,0,0
0,674,5296.0,168000.0,360.0,1,5970.0,466.6666666666667,1,0,0,1,1,0,1,0,0
0,9328,0.0,188000.0,180.0,1,9328.0,1044.4444444444443,1,0,0,1,1,0,1,0,0
0,4885,0.0,48000.0,360.0,1,4885.0,133.33333333333334,1,0,1,0,0,1,1,0,0
0,12000,0.0,164000.0,360.0,0,12000.0,455.55555555555554,1,0,1,0,1,0,0,1,0
0,6033,0.0,160000.0,360.0,0,6033.0,444.44444444444446,1,0,0,1,0,1,0,0,1
0,3858,0.0,76000.0,360.0,1,3858.0,211.11111111111111,1,0,1,0,1,0,0,1,0
0,4191,0.0,120000.0,360.0,1,4191.0,333.3333333333333,1,0,1,0,1,0,1,0,0
1,3125,2583.0,170000.0,360.0,0,5708.0,472.22222222222223,1,0,0,1,1,0,0,1,0
0,8333,3750.0,187000.0,360.0,1,12083.0,519.4444444444445,1,0,1,0,1,0,1,0,0
0,1907,2365.0,120000.0,341.9699499165275,1,4272.0,350.9080257762156,1,0,1,0,0,1,0,0,1
0,3416,2816.0,113000.0,360.0,1,6232.0,313.8888888888889,0,1,0,1,1,0,0,1,0
0,11000,0.0,83000.0,360.0,0,11000.0,230.55555555555554,1,0,1,0,1,0,0,0,1
1,2600,2500.0,90000.0,360.0,1,5100.0,250.0,1,0,0,1,0,1,0,1,0
2,4923,0.0,166000.0,360.0,1,4923.0,461.1111111111111,0,1,1,0,1,0,0,1,0
3,3992,0.0,146050.7614213198,180.0,0,3992.0,811.3931190073322,1,0,0,1,0,1,0,0,1
1,3500,1083.0,135000.0,360.0,1,4583.0,375.0,1,0,0,1,0,1,0,0,1
2,3917,0.0,124000.0,360.0,1,3917.0,344.44444444444446,1,0,0,1,0,1,0,1,0
0,4408,0.0,120000.0,360.0,1,4408.0,333.3333333333333,1,0,1,0,0,1,0,1,0
0,3244,0.0,80000.0,360.0,1,3244.0,222.22222222222223,1,0,1,0,1,0,0,0,1
0,3975,2531.0,55000.0,360.0,1,6506.0,152.77777777777777,1,0,1,0,0,1,1,0,0
0,2479,0.0,59000.0,360.0,1,2479.0,163.88888888888889,1,0,1,0,1,0,0,0,1
0,3418,0.0,127000.0,360.0,0,3418.0,352.77777777777777,1,0,1,0,1,0,0,1,0
0,10000,0.0,214000.0,360.0,0,10000.0,594.4444444444445,1,0,1,0,1,0,0,1,0
3,3430,1250.0,128000.0,360.0,0,4680.0,355.55555555555554,0,1,0,1,1,0,0,1,0
1,7787,0.0,240000.0,360.0,1,7787.0,666.6666666666666,1,0,0,1,1,0,0,0,1
3,5703,0.0,130000.0,360.0,1,5703.0,361.1111111111111,1,0,0,1,0,1,1,0,0
0,3173,3021.0,137000.0,360.0,1,6194.0,380.55555555555554,1,0,0,1,1,0,0,0,1
3,3850,983.0,100000.0,360.0,1,4833.0,277.77777777777777,1,0,0,1,0,1,0,1,0
0,150,1800.0,135000.0,360.0,0,1950.0,375.0,1,0,0,1,1,0,1,0,0
0,3727,1775.0,131000.0,360.0,1,5502.0,363.8888888888889,1,0,0,1,1,0,0,1,0
2,5000,0.0,72000.0,360.0,0,5000.0,200.0,0,1,0,1,1,0,0,1,0
2,4283,2383.0,127000.0,360.0,1,6666.0,352.77777777777777,0,1,0,1,1,0,0,1,0
0,2221,0.0,60000.0,360.0,0,2221.0,166.66666666666666,0,1,0,1,1,0,0,0,1
2,4009,1717.0,116000.0,360.0,1,5726.0,322.22222222222223,1,0,0,1,1,0,0,1,0
0,2971,2791.0,144000.0,360.0,1,5762.0,400.0,1,0,1,0,1,0,0,1,0
0,7578,1010.0,175000.0,341.9699499165275,1,8588.0,511.7408709236478,1,0,0,1,1,0,0,1,0
0,6250,0.0,128000.0,360.0,1,6250.0,355.55555555555554,1,0,0,1,1,0,0,1,0
0,3250,0.0,170000.0,360.0,0,3250.0,472.22222222222223,1,0,0,1,1,0,1,0,0
0,4735,0.0,138000.0,360.0,0,4735.0,383.3333333333333,1,0,0,1,0,1,0,0,1
2,6250,1695.0,210000.0,360.0,1,7945.0,583.3333333333334,1,0,0,1,1,0,0,1,0
0,4758,0.0,158000.0,480.0,1,4758.0,329.1666666666667,1,0,0,1,1,0,0,1,0
0,6400,0.0,200000.0,360.0,1,6400.0,555.5555555555555,1,0,1,0,1,0,1,0,0
1,2491,2054.0,104000.0,360.0,1,4545.0,288.8888888888889,1,0,0,1,1,0,0,1,0
0,3716,0.0,42000.0,180.0,1,3716.0,233.33333333333334,1,0,0,1,1,0,1,0,0
0,3189,2598.0,120000.0,341.9699499165275,1,5787.0,350.9080257762156,1,0,1,0,0,1,1,0,0
0,8333,0.0,280000.0,360.0,1,8333.0,777.7777777777778,1,0,1,0,1,0,0,1,0
1,3155,1779.0,140000.0,360.0,1,4934.0,388.8888888888889,1,0,0,1,1,0,0,1,0
1,5500,1260.0,170000.0,360.0,1,6760.0,472.22222222222223,1,0,0,1,1,0,1,0,0
0,5746,0.0,255000.0,360.0,0,5746.0,708.3333333333334,0,1,0,1,1,0,0,0,1
0,3463,0.0,122000.0,360.0,1,3463.0,338.8888888888889,0,1,1,0,1,0,0,0,1
1,3812,0.0,112000.0,360.0,1,3812.0,311.1111111111111,1,0,1,0,1,0,1,0,0
1,3315,0.0,96000.0,360.0,1,3315.0,266.6666666666667,1,0,0,1,1,0,0,1,0
2,5819,5000.0,120000.0,360.0,1,10819.0,333.3333333333333,1,0,0,1,1,0,1,0,0
1,2510,1983.0,140000.0,180.0,0,4493.0,777.7777777777778,1,0,0,1,0,1,0,0,1
0,2965,5701.0,155000.0,60.0,1,8666.0,2583.3333333333335,1,0,1,0,1,0,0,0,1
2,6250,1300.0,108000.0,360.0,1,7550.0,300.0,1,0,0,1,1,0,1,0,0
0,3406,4417.0,123000.0,360.0,1,7823.0,341.6666666666667,1,0,0,1,0,1,0,1,0
0,6050,4333.0,120000.0,180.0,0,10383.0,666.6666666666666,1,0,1,0,1,0,0,0,1
2,9703,0.0,112000.0,360.0,1,9703.0,311.1111111111111,1,0,0,1,1,0,0,0,1
1,6608,0.0,137000.0,180.0,1,6608.0,761.1111111111111,1,0,0,1,0,1,0,0,1
1,2882,1843.0,123000.0,480.0,1,4725.0,256.25,1,0,0,1,1,0,0,1,0
0,1809,1868.0,90000.0,360.0,1,3677.0,250.0,1,0,0,1,1,0,0,0,1
0,1668,3890.0,201000.0,360.0,0,5558.0,558.3333333333334,0,1,0,1,0,1,0,1,0
2,3427,0.0,138000.0,360.0,0,3427.0,383.3333333333333,1,0,1,0,1,0,0,0,1
0,2583,2167.0,104000.0,360.0,1,4750.0,288.8888888888889,1,0,1,0,0,1,1,0,0
1,2661,7101.0,279000.0,180.0,1,9762.0,1550.0,1,0,0,1,0,1,0,1,0
0,16250,0.0,192000.0,360.0,0,16250.0,533.3333333333334,0,1,1,0,1,0,0,0,1
3,3083,0.0,255000.0,360.0,1,3083.0,708.3333333333334,1,0,1,0,1,0,1,0,0
0,6045,0.0,115000.0,360.0,0,6045.0,319.44444444444446,0,1,1,0,0,1,1,0,0
3,5250,0.0,94000.0,360.0,0,5250.0,261.1111111111111,1,0,0,1,1,0,0,0,1
0,14683,2100.0,304000.0,360.0,0,16783.0,844.4444444444445,1,0,0,1,1,0,1,0,0
3,4931,0.0,128000.0,360.0,0,4931.0,355.55555555555554,0,1,0,1,0,1,0,1,0
1,6083,4250.0,330000.0,360.0,1,10333.0,916.6666666666666,0,1,0,1,1,0,0,0,1
0,2060,2209.0,134000.0,360.0,1,4269.0,372.22222222222223,1,0,1,0,1,0,0,1,0
1,3481,0.0,155000.0,36.0,0,3481.0,4305.555555555556,1,0,1,0,1,0,0,1,0
0,7200,0.0,120000.0,360.0,1,7200.0,333.3333333333333,1,0,1,0,1,0,1,0,0
0,5166,0.0,128000.0,360.0,1,5166.0,355.55555555555554,1,0,1,0,1,0,0,1,0
0,4095,3447.0,151000.0,360.0,1,7542.0,419.44444444444446,1,0,1,0,1,0,1,0,0
2,4708,1387.0,150000.0,360.0,1,6095.0,416.6666666666667,1,0,0,1,1,0,0,1,0
3,4333,1811.0,160000.0,360.0,1,6144.0,444.44444444444446,0,1,0,1,1,0,0,0,1
0,3418,0.0,135000.0,360.0,0,3418.0,375.0,1,0,1,0,1,0,1,0,0
1,2876,1560.0,90000.0,360.0,1,4436.0,250.0,1,0,1,0,1,0,0,0,1
0,3237,0.0,30000.0,360.0,1,3237.0,83.33333333333333,1,0,1,0,1,0,0,0,1
0,11146,0.0,136000.0,360.0,1,11146.0,377.77777777777777,1,0,0,1,1,0,0,0,1
0,2833,1857.0,126000.0,360.0,1,4690.0,350.0,1,0,1,0,1,0,1,0,0
0,2620,2223.0,150000.0,360.0,1,4843.0,416.6666666666667,1,0,0,1,1,0,0,1,0
2,3900,0.0,90000.0,360.0,1,3900.0,250.0,1,0,0,1,1,0,0,1,0
1,2750,1842.0,115000.0,360.0,1,4592.0,319.44444444444446,1,0,0,1,1,0,0,1,0
0,3993,3274.0,207000.0,360.0,1,7267.0,575.0,1,0,0,1,1,0,0,1,0
0,3103,1300.0,80000.0,360.0,1,4403.0,222.22222222222223,1,0,0,1,1,0,0,0,1
0,14583,0.0,436000.0,360.0,1,14583.0,1211.111111111111,1,0,0,1,1,0,0,1,0
0,4100,0.0,124000.0,360.0,1,4100.0,344.44444444444446,0,1,0,1,0,1,1,0,0
1,4053,2426.0,158000.0,360.0,0,6479.0,438.8888888888889,0,1,1,0,0,1,0,0,1
0,3927,800.0,112000.0,360.0,1,4727.0,311.1111111111111,1,0,0,1,1,0,0,1,0
2,2301,985.7999877999998,78000.0,180.0,1,3286.7999878,433.3333333333333,1,0,0,1,1,0,0,0,1
0,1811,1666.0,54000.0,360.0,1,3477.0,150.0,1,0,1,0,1,0,0,0,1
0,20000,0.0,146050.7614213198,360.0,0,20000.0,405.6965595036661,1,0,0,1,1,0,1,0,0
0,3158,3053.0,89000.0,360.0,1,6211.0,247.22222222222223,1,0,1,0,1,0,1,0,0
0,2600,1717.0,99000.0,300.0,0,4317.0,330.0,1,0,1,0,1,0,0,1,0
0,3704,2000.0,120000.0,360.0,1,5704.0,333.3333333333333,1,0,0,1,1,0,1,0,0
0,4124,0.0,115000.0,360.0,1,4124.0,319.44444444444446,1,0,1,0,1,0,0,1,0
0,9508,0.0,187000.0,360.0,1,9508.0,519.4444444444445,1,0,1,0,1,0,1,0,0
0,3075,2416.0,139000.0,360.0,1,5491.0,386.1111111111111,1,0,0,1,1,0,1,0,0
2,4400,0.0,127000.0,360.0,0,4400.0,352.77777777777777,0,1,0,1,1,0,0,1,0
2,3153,1560.0,134000.0,360.0,1,4713.0,372.22222222222223,1,0,0,1,1,0,0,0,1
0,5417,0.0,143000.0,480.0,0,5417.0,297.9166666666667,0,1,1,0,1,0,0,0,1
0,2383,3334.0,172000.0,360.0,1,5717.0,477.77777777777777,1,0,0,1,1,0,0,1,0
3,4416,1250.0,110000.0,360.0,1,5666.0,305.55555555555554,1,0,0,1,1,0,0,0,1
1,6875,0.0,200000.0,360.0,1,6875.0,555.5555555555555,1,0,0,1,1,0,0,1,0
1,4666,0.0,135000.0,360.0,1,4666.0,375.0,1,0,0,1,1,0,0,0,1
0,5000,2541.0,151000.0,480.0,0,7541.0,314.5833333333333,1,0,1,0,1,0,1,0,0
1,2014,2925.0,113000.0,360.0,0,4939.0,313.8888888888889,1,0,0,1,1,0,0,0,1
0,1800,2934.0,93000.0,360.0,0,4734.0,258.3333333333333,0,1,0,1,0,1,0,0,1
0,2875,1750.0,105000.0,360.0,1,4625.0,291.6666666666667,1,0,0,1,0,1,0,1,0
0,5000,0.0,132000.0,360.0,1,5000.0,366.6666666666667,1,0,1,0,1,0,1,0,0
1,1625,1803.0,96000.0,360.0,1,3428.0,266.6666666666667,1,0,0,1,1,0,0,0,1
0,4000,2500.0,140000.0,360.0,1,6500.0,388.8888888888889,1,0,1,0,1,0,1,0,0
0,2000,0.0,146050.7614213198,360.0,0,2000.0,405.6965595036661,1,0,1,0,0,1,0,0,1
0,3762,1666.0,135000.0,360.0,1,5428.0,375.0,1,0,1,0,1,0,1,0,0
0,2400,1863.0,104000.0,360.0,0,4263.0,288.8888888888889,0,1,1,0,1,0,0,0,1
0,20000,0.0,480000.0,360.0,0,20000.0,1333.3333333333333,1,0,1,0,1,0,1,0,0
2,7667,0.0,185000.0,360.0,1,7667.0,513.8888888888889,0,1,0,1,0,1,1,0,0
0,2917,0.0,84000.0,360.0,1,2917.0,233.33333333333334,1,0,1,0,1,0,0,1,0
0,2927,2405.0,111000.0,360.0,1,5332.0,308.3333333333333,1,0,1,0,0,1,0,1,0
0,2507,0.0,56000.0,360.0,1,2507.0,155.55555555555554,1,0,1,0,1,0,1,0,0
2,5746,0.0,144000.0,84.0,1,5746.0,1714.2857142857142,0,1,0,1,1,0,1,0,0
0,2473,1843.0,159000.0,360.0,0,4316.0,441.6666666666667,1,0,0,1,1,0,1,0,0
1,3399,1640.0,111000.0,180.0,1,5039.0,616.6666666666666,1,0,0,1,0,1,0,0,1
2,3717,0.0,120000.0,360.0,1,3717.0,333.3333333333333,1,0,0,1,1,0,0,1,0
0,2058,2134.0,88000.0,360.0,1,4192.0,244.44444444444446,0,1,0,1,1,0,0,0,1
1,3541,0.0,112000.0,360.0,1,3541.0,311.1111111111111,0,1,1,0,1,0,0,1,0
1,10000,0.0,155000.0,360.0,0,10000.0,430.55555555555554,1,0,0,1,1,0,1,0,0
0,2400,2167.0,115000.0,360.0,1,4567.0,319.44444444444446,1,0,0,1,1,0,0,1,0
3,4342,189.0,124000.0,360.0,1,4531.0,344.44444444444446,1,0,0,1,1,0,0,1,0
2,3601,1590.0,146050.7614213198,360.0,1,5191.0,405.6965595036661,1,0,0,1,0,1,1,0,0
0,3166,2985.0,132000.0,360.0,1,6151.0,366.6666666666667,0,1,1,0,1,0,1,0,0
3,15000,0.0,300000.0,360.0,1,15000.0,833.3333333333334,1,0,0,1,1,0,1,0,0
1,8666,4983.0,376000.0,360.0,0,13649.0,1044.4444444444443,0,1,0,1,1,0,1,0,0
0,4917,0.0,130000.0,360.0,1,4917.0,361.1111111111111,0,1,1,0,1,0,1,0,0
0,5818,2160.0,184000.0,360.0,1,7978.0,511.1111111111111,1,0,0,1,1,0,0,1,0
0,4333,2451.0,110000.0,360.0,0,6784.0,305.55555555555554,1,0,0,1,1,0,0,0,1
0,2500,0.0,67000.0,360.0,1,2500.0,186.11111111111111,1,0,1,0,1,0,0,0,1
1,4384,1793.0,117000.0,360.0,1,6177.0,325.0,1,0,1,0,1,0,0,0,1
0,2935,0.0,98000.0,360.0,1,2935.0,272.22222222222223,1,0,1,0,1,0,0,1,0
0,2833,0.0,71000.0,360.0,1,2833.0,197.22222222222223,1,0,1,0,1,0,0,0,1
0,20000,0.0,490000.0,180.0,1,20000.0,2722.222222222222,1,0,0,1,1,0,0,0,1
1,9833,1833.0,182000.0,180.0,1,11666.0,1011.1111111111111,1,0,0,1,1,0,0,0,1
0,5503,4490.0,70000.0,341.9699499165275,1,9993.0,204.69634836945912,1,0,0,1,1,0,0,1,0
1,5250,688.0,160000.0,360.0,1,5938.0,444.44444444444446,1,0,0,1,1,0,1,0,0
2,2500,4600.0,176000.0,360.0,1,7100.0,488.8888888888889,1,0,0,1,1,0,1,0,0
3,1830,0.0,146050.7614213198,360.0,0,1830.0,405.6965595036661,0,1,1,0,0,1,0,0,1
0,4160,0.0,71000.0,360.0,1,4160.0,197.22222222222223,1,0,1,0,1,0,0,1,0
3,2647,1587.0,173000.0,360.0,0,4234.0,480.55555555555554,1,0,0,1,0,1,1,0,0
0,2378,0.0,46000.0,360.0,0,2378.0,127.77777777777777,1,0,1,0,1,0,1,0,0
1,4554,1229.0,158000.0,360.0,1,5783.0,438.8888888888889,1,0,0,1,0,1,0,0,1
3,3173,0.0,74000.0,360.0,1,3173.0,205.55555555555554,1,0,0,1,0,1,0,1,0
2,2583,2330.0,125000.0,360.0,1,4913.0,347.22222222222223,1,0,0,1,1,0,1,0,0
0,2499,2458.0,160000.0,360.0,1,4957.0,444.44444444444446,1,0,0,1,1,0,0,1,0
0,3523,3230.0,152000.0,360.0,0,6753.0,422.22222222222223,0,1,0,1,0,1,1,0,0
2,3083,2168.0,126000.0,360.0,1,5251.0,350.0,1,0,0,1,0,1,0,0,1
0,6333,4583.0,259000.0,360.0,1,10916.0,719.4444444444445,0,1,0,1,1,0,0,1,0
0,2625,6250.0,187000.0,360.0,1,8875.0,519.4444444444445,1,0,0,1,1,0,1,0,0
0,9083,0.0,228000.0,360.0,1,9083.0,633.3333333333334,1,0,0,1,1,0,0,1,0
0,8750,4167.0,308000.0,360.0,0,12917.0,855.5555555555555,1,0,1,0,1,0,1,0,0
3,2666,2083.0,95000.0,360.0,1,4749.0,263.8888888888889,1,0,0,1,1,0,1,0,0
0,5500,0.0,105000.0,360.0,0,5500.0,291.6666666666667,0,1,0,1,1,0,1,0,0
0,2423,505.0,130000.0,360.0,1,2928.0,361.1111111111111,1,0,0,1,1,0,0,1,0
0,3813,0.0,116000.0,180.0,1,3813.0,644.4444444444445,1,0,1,0,1,0,0,0,1
2,8333,3167.0,165000.0,360.0,1,11500.0,458.3333333333333,1,0,0,1,1,0,1,0,0
1,3875,0.0,67000.0,360.0,0,3875.0,186.11111111111111,1,0,0,1,1,0,0,0,1
0,3000,1666.0,100000.0,480.0,0,4666.0,208.33333333333334,0,1,0,1,0,1,0,0,1
3,5167,3167.0,200000.0,360.0,1,8334.0,555.5555555555555,1,0,0,1,1,0,0,1,0
1,4723,0.0,81000.0,360.0,0,4723.0,225.0,1,0,1,0,1,0,0,1,0
2,5000,3667.0,236000.0,360.0,1,8667.0,655.5555555555555,1,0,0,1,1,0,0,1,0
0,4750,2333.0,130000.0,360.0,1,7083.0,361.1111111111111,1,0,0,1,1,0,0,0,1
0,3013,3033.0,95000.0,300.0,1,6046.0,316.6666666666667,0,1,0,1,1,0,0,0,1
0,6822,0.0,141000.0,360.0,1,6822.0,391.6666666666667,1,0,1,0,1,0,1,0,0
0,6216,0.0,133000.0,360.0,0,6216.0,369.44444444444446,1,0,1,0,0,1,1,0,0
0,2500,0.0,96000.0,480.0,0,2500.0,200.0,1,0,1,0,1,0,0,1,0
0,5124,0.0,124000.0,341.9699499165275,0,5124.0,362.60495996875613,0,1,1,0,1,0,1,0,0
1,6325,0.0,175000.0,360.0,1,6325.0,486.1111111111111,1,0,0,1,1,0,0,1,0
0,19730,5266.0,570000.0,360.0,0,20000.0,1583.3333333333333,1,0,0,1,1,0,1,0,0
0,15759,0.0,55000.0,360.0,1,15759.0,152.77777777777777,1,0,1,0,1,0,0,1,0
2,5185,0.0,155000.0,360.0,1,5185.0,430.55555555555554,1,0,0,1,1,0,0,1,0
2,9323,7873.0,380000.0,300.0,1,17196.0,1266.6666666666667,1,0,0,1,1,0,1,0,0
1,3062,1987.0,111000.0,180.0,0,5049.0,616.6666666666666,0,1,1,0,1,0,0,0,1
0,2764,1459.0,110000.0,360.0,1,4223.0,305.55555555555554,1,0,1,0,1,0,0,0,1
0,4817,923.0,120000.0,180.0,1,5740.0,666.6666666666666,1,0,0,1,1,0,0,0,1
3,8750,4996.0,130000.0,360.0,1,13746.0,361.1111111111111,1,0,0,1,1,0,1,0,0
0,4310,0.0,130000.0,360.0,1,4310.0,361.1111111111111,0,1,0,1,1,0,0,1,0
0,3069,0.0,71000.0,480.0,0,3069.0,147.91666666666666,1,0,1,0,1,0,0,0,1
2,5391,0.0,130000.0,360.0,1,5391.0,361.1111111111111,1,0,0,1,1,0,0,0,1
0,3333,2500.0,128000.0,360.0,1,5833.0,355.55555555555554,1,0,0,1,1,0,0,1,0
0,5941,4232.0,296000.0,360.0,1,10173.0,822.2222222222222,1,0,1,0,1,0,0,1,0
0,6000,0.0,156000.0,360.0,1,6000.0,433.3333333333333,1,0,1,0,1,0,0,0,1
0,7167,0.0,128000.0,360.0,1,7167.0,355.55555555555554,1,0,1,0,1,0,0,0,1
2,4566,0.0,100000.0,360.0,0,4566.0,277.77777777777777,1,0,0,1,1,0,0,0,1
1,3667,0.0,113000.0,180.0,1,3667.0,627.7777777777778,1,0,1,0,1,0,0,0,1
0,2346,1600.0,132000.0,360.0,1,3946.0,366.6666666666667,1,0,1,0,0,1,0,1,0
0,3010,3136.0,146050.7614213198,360.0,0,6146.0,405.6965595036661,0,1,0,1,0,1,0,0,1
0,2333,2417.0,136000.0,360.0,1,4750.0,377.77777777777777,1,0,0,1,1,0,0,0,1
0,5488,0.0,125000.0,360.0,1,5488.0,347.22222222222223,1,0,0,1,1,0,1,0,0
3,9167,0.0,185000.0,360.0,1,9167.0,513.8888888888889,1,0,1,0,1,0,1,0,0
3,9504,0.0,275000.0,360.0,1,9504.0,763.8888888888889,1,0,0,1,1,0,1,0,0
0,2583,2115.0,120000.0,360.0,1,4698.0,333.3333333333333,0,1,0,1,1,0,0,0,1
2,1993,1625.0,113000.0,180.0,1,3618.0,627.7777777777778,1,0,0,1,0,1,0,1,0
2,3100,1400.0,113000.0,360.0,1,4500.0,313.8888888888889,1,0,0,1,1,0,0,0,1
2,3276,484.0,135000.0,360.0,1,3760.0,375.0,0,1,0,1,1,0,0,1,0
0,3180,0.0,71000.0,360.0,0,3180.0,197.22222222222223,0,1,1,0,1,0,0,0,1
0,3033,1459.0,95000.0,360.0,1,4492.0,263.8888888888889,1,0,0,1,1,0,0,0,1
0,3902,1666.0,109000.0,360.0,1,5568.0,302.77777777777777,1,0,1,0,0,1,1,0,0
0,1500,1800.0,103000.0,360.0,0,3300.0,286.1111111111111,0,1,1,0,1,0,0,1,0
2,2889,0.0,45000.0,180.0,0,2889.0,250.0,0,1,0,1,0,1,0,0,1
0,2755,0.0,65000.0,300.0,0,2755.0,216.66666666666666,1,0,1,0,0,1,1,0,0
0,2500,10000.0,103000.0,360.0,1,20000.0,286.1111111111111,1,0,1,0,1,0,0,1,0
0,1963,0.0,53000.0,360.0,1,1963.0,147.22222222222223,1,0,1,0,0,1,0,1,0
0,7441,0.0,194000.0,360.0,0,7441.0,538.8888888888889,1,0,1,0,1,0,1,0,0
0,4547,0.0,115000.0,360.0,1,4547.0,319.44444444444446,1,0,1,0,1,0,0,1,0
0,2167,2400.0,115000.0,360.0,1,4567.0,319.44444444444446,1,0,0,1,0,1,0,0,1
0,2213,0.0,66000.0,360.0,1,2213.0,183.33333333333334,1,0,1,0,0,1,1,0,0
1,8300,0.0,152000.0,300.0,0,8300.0,506.6666666666667,0,1,0,1,1,0,0,1,0
1,3867,0.0,62000.0,360.0,0,3867.0,172.22222222222223,1,0,1,0,0,1,0,1,0
0,6256,0.0,160000.0,360.0,1,6256.0,444.44444444444446,0,1,0,1,1,0,0,0,1
0,6096,0.0,218000.0,360.0,0,6096.0,605.5555555555555,0,1,0,1,0,1,1,0,0
0,2253,2033.0,110000.0,360.0,1,4286.0,305.55555555555554,1,0,0,1,0,1,1,0,0
0,2149,3237.0,178000.0,360.0,0,5386.0,494.44444444444446,0,1,0,1,0,1,0,1,0
0,2995,0.0,60000.0,360.0,1,2995.0,166.66666666666666,1,0,1,0,1,0,0,0,1
1,2600,0.0,160000.0,360.0,0,2600.0,444.44444444444446,1,0,1,0,1,0,0,0,1
2,1600,10000.0,239000.0,360.0,0,20000.0,663.8888888888889,1,0,0,1,1,0,0,0,1
0,1025,2773.0,112000.0,360.0,1,3798.0,311.1111111111111,1,0,0,1,1,0,1,0,0
0,3246,1417.0,138000.0,360.0,1,4663.0,383.3333333333333,1,0,0,1,1,0,0,1,0
0,5829,0.0,138000.0,360.0,1,5829.0,383.3333333333333,1,0,0,1,1,0,1,0,0
0,2720,0.0,80000.0,341.9699499165275,0,2720.0,233.9386838508104,0,1,1,0,0,1,0,0,1
0,1820,1719.0,100000.0,360.0,1,3539.0,277.77777777777777,1,0,0,1,1,0,0,0,1
1,7250,1667.0,110000.0,341.9699499165275,0,8917.0,321.6656902948643,0,1,0,1,1,0,0,0,1
0,14880,0.0,96000.0,360.0,1,14880.0,266.6666666666667,1,0,0,1,1,0,0,1,0
0,2666,4300.0,121000.0,360.0,1,6966.0,336.1111111111111,1,0,0,1,1,0,1,0,0
1,4606,0.0,81000.0,360.0,0,4606.0,225.0,1,0,1,0,0,1,1,0,0
2,5935,0.0,133000.0,360.0,1,5935.0,369.44444444444446,1,0,0,1,1,0,0,1,0
0,2920,16.12000084,87000.0,360.0,1,2936.12000084,241.66666666666666,1,0,0,1,1,0,1,0,0
0,2717,0.0,60000.0,180.0,1,2717.0,333.3333333333333,1,0,1,0,0,1,0,0,1
1,8624,0.0,150000.0,360.0,1,8624.0,416.6666666666667,1,0,1,0,1,0,0,1,0
0,6500,0.0,105000.0,360.0,0,6500.0,291.6666666666667,0,1,1,0,1,0,1,0,0
0,12876,0.0,405000.0,360.0,1,12876.0,1125.0,1,0,1,0,1,0,0,1,0
0,2425,2340.0,143000.0,360.0,1,4765.0,397.22222222222223,1,0,0,1,1,0,0,1,0
0,3750,0.0,100000.0,360.0,1,3750.0,277.77777777777777,1,0,1,0,1,0,0,0,1
0,10047,0.0,146050.7614213198,240.0,1,10047.0,608.5448392554991,1,0,0,1,1,0,0,1,0
0,1926,1851.0,50000.0,360.0,1,3777.0,138.88888888888889,1,0,1,0,1,0,0,1,0
0,2213,1125.0,146050.7614213198,360.0,1,3338.0,405.6965595036661,1,0,0,1,1,0,0,0,1
0,10416,0.0,187000.0,360.0,0,10416.0,519.4444444444445,0,1,1,0,1,0,0,0,1
0,7142,0.0,138000.0,360.0,1,7142.0,383.3333333333333,1,0,0,1,0,1,1,0,0
0,3660,5064.0,187000.0,360.0,1,8724.0,519.4444444444445,1,0,1,0,1,0,0,1,0
0,7901,1833.0,180000.0,360.0,1,9734.0,500.0,1,0,0,1,1,0,1,0,0
3,4707,1993.0,148000.0,360.0,1,6700.0,411.1111111111111,1,0,1,0,0,1,0,1,0
1,20000,0.0,152000.0,360.0,1,20000.0,422.22222222222223,1,0,1,0,1,0,0,1,0
0,7333,8333.0,175000.0,300.0,1,15666.0,583.3333333333334,0,1,0,1,1,0,1,0,0
1,3466,1210.0,130000.0,360.0,1,4676.0,361.1111111111111,1,0,0,1,1,0,1,0,0
2,4652,0.0,110000.0,360.0,1,4652.0,305.55555555555554,1,0,0,1,0,1,1,0,0
0,3539,1376.0,55000.0,360.0,0,4915.0,152.77777777777777,1,0,0,1,1,0,1,0,0
2,3340,1710.0,150000.0,360.0,0,5050.0,416.6666666666667,0,1,0,1,1,0,1,0,0
1,2769,1542.0,190000.0,360.0,0,4311.0,527.7777777777778,0,1,1,0,0,1,0,1,0
2,2309,1255.0,125000.0,360.0,0,3564.0,347.22222222222223,0,1,0,1,0,1,1,0,0
2,1958,1456.0,60000.0,300.0,1,3414.0,200.0,0,1,0,1,0,1,0,0,1
0,3948,1733.0,149000.0,360.0,0,5681.0,413.8888888888889,0,1,0,1,1,0,1,0,0
0,2483,2466.0,90000.0,180.0,1,4949.0,500.0,0,1,0,1,1,0,1,0,0
0,7085,0.0,84000.0,360.0,1,7085.0,233.33333333333334,1,0,1,0,1,0,0,1,0
2,3859,0.0,96000.0,360.0,1,3859.0,266.6666666666667,1,0,0,1,1,0,0,1,0
0,4301,0.0,118000.0,360.0,1,4301.0,327.77777777777777,1,0,0,1,1,0,0,0,1
0,3708,2569.0,173000.0,360.0,0,6277.0,480.55555555555554,1,0,0,1,1,0,0,0,1
2,4354,0.0,136000.0,360.0,1,4354.0,377.77777777777777,1,0,1,0,1,0,1,0,0
0,8334,0.0,160000.0,360.0,0,8334.0,444.44444444444446,1,0,0,1,1,0,0,1,0
0,2083,4083.0,160000.0,360.0,1,6166.0,444.44444444444446,0,1,0,1,1,0,0,1,0
3,7740,0.0,128000.0,180.0,1,7740.0,711.1111111111111,1,0,0,1,1,0,0,0,1
0,3015,2188.0,153000.0,360.0,1,5203.0,425.0,1,0,0,1,1,0,1,0,0
1,5191,0.0,132000.0,360.0,1,5191.0,366.6666666666667,1,0,1,0,0,1,0,1,0
0,4166,0.0,98000.0,360.0,0,4166.0,272.22222222222223,0,1,1,0,1,0,0,1,0
0,6000,0.0,140000.0,360.0,1,6000.0,388.8888888888889,1,0,1,0,1,0,1,0,0
3,2947,1664.0,70000.0,180.0,0,4611.0,388.8888888888889,0,1,0,1,0,1,0,0,1
0,16692,0.0,110000.0,360.0,1,16692.0,305.55555555555554,1,0,0,1,1,0,0,1,0
2,210,2917.0,98000.0,360.0,1,3127.0,272.22222222222223,1,0,0,1,0,1,0,1,0
0,4333,2451.0,110000.0,360.0,0,6784.0,305.55555555555554,1,0,0,1,1,0,0,0,1
1,3450,2079.0,162000.0,360.0,1,5529.0,450.0,1,0,0,1,1,0,0,1,0
1,2653,1500.0,113000.0,180.0,0,4153.0,627.7777777777778,0,1,0,1,0,1,1,0,0
3,4691,0.0,100000.0,360.0,1,4691.0,277.77777777777777,1,0,0,1,1,0,0,1,0
0,2500,0.0,93000.0,360.0,1,2500.0,258.3333333333333,0,1,1,0,1,0,0,0,1
2,5532,4648.0,162000.0,360.0,1,10180.0,450.0,1,0,1,0,1,0,1,0,0
2,16525,1014.0,150000.0,360.0,1,17539.0,416.6666666666667,1,0,0,1,1,0,1,0,0
2,6700,1750.0,230000.0,300.0,1,8450.0,766.6666666666666,1,0,0,1,1,0,0,1,0
2,2873,1872.0,132000.0,360.0,0,4745.0,366.6666666666667,0,1,0,1,1,0,0,1,0
1,16667,2250.0,86000.0,360.0,1,18917.0,238.88888888888889,1,0,0,1,1,0,0,1,0
2,2947,1603.0,146050.7614213198,360.0,0,4550.0,405.6965595036661,1,0,0,1,1,0,0,0,1
0,4350,0.0,154000.0,360.0,1,4350.0,427.77777777777777,1,0,1,0,0,1,1,0,0
3,3095,0.0,113000.0,360.0,1,3095.0,313.8888888888889,1,0,0,1,0,1,1,0,0
0,2083,3150.0,128000.0,360.0,1,5233.0,355.55555555555554,1,0,0,1,1,0,0,1,0
0,10833,0.0,234000.0,360.0,1,10833.0,650.0,1,0,0,1,1,0,0,1,0
2,8333,0.0,246000.0,360.0,1,8333.0,683.3333333333334,1,0,0,1,1,0,0,1,0
1,1958,2436.0,131000.0,360.0,1,4394.0,363.8888888888889,1,0,0,1,0,1,1,0,0
2,3547,0.0,80000.0,360.0,0,3547.0,222.22222222222223,0,1,1,0,1,0,1,0,0
1,18333,0.0,500000.0,360.0,0,18333.0,1388.888888888889,1,0,0,1,1,0,0,0,1
2,4583,2083.0,160000.0,360.0,1,6666.0,444.44444444444446,1,0,0,1,1,0,0,1,0
0,2435,0.0,75000.0,360.0,0,2435.0,208.33333333333334,1,0,1,0,1,0,0,0,1
0,2699,2785.0,96000.0,360.0,1,5484.0,266.6666666666667,0,1,1,0,0,1,0,1,0
1,5333,1131.0,186000.0,360.0,1,6464.0,516.6666666666666,0,1,0,1,0,1,0,0,1
0,3691,0.0,110000.0,360.0,1,3691.0,305.55555555555554,1,0,1,0,0,1,1,0,0
0,17263,0.0,225000.0,360.0,1,17263.0,625.0,1,0,1,0,0,1,0,1,0
0,3597,2157.0,119000.0,360.0,0,5754.0,330.55555555555554,0,1,0,1,1,0,1,0,0
1,3326,913.0,105000.0,84.0,1,4239.0,1250.0,1,0,0,1,1,0,0,1,0
0,2600,1700.0,107000.0,360.0,1,4300.0,297.22222222222223,1,0,0,1,0,1,1,0,0
0,4625,2857.0,111000.0,12.0,1,7482.0,9250.0,0,1,0,1,1,0,0,0,1
1,2895,0.0,95000.0,360.0,1,2895.0,263.8888888888889,1,0,0,1,1,0,0,1,0
0,6283,4416.0,209000.0,360.0,0,10699.0,580.5555555555555,0,1,1,0,1,0,1,0,0
0,645,3683.0,113000.0,480.0,1,4328.0,235.41666666666666,1,0,1,0,1,0,1,0,0
0,3159,0.0,100000.0,360.0,1,3159.0,277.77777777777777,1,0,1,0,1,0,0,1,0
2,4865,5624.0,208000.0,360.0,1,10489.0,577.7777777777778,1,0,0,1,1,0,0,1,0
1,4050,5302.0,138000.0,360.0,0,9352.0,383.3333333333333,0,1,0,1,0,1,1,0,0
0,3814,1483.0,124000.0,300.0,1,5297.0,413.3333333333333,1,0,0,1,0,1,0,1,0
2,3510,4416.0,243000.0,360.0,1,7926.0,675.0,1,0,0,1,1,0,1,0,0
0,20000,6667.0,480000.0,360.0,1,20000.0,1333.3333333333333,0,1,0,1,1,0,0,0,1
0,3583,0.0,96000.0,360.0,0,3583.0,266.6666666666667,1,0,1,0,1,0,0,0,1
0,2479,3013.0,188000.0,360.0,1,5492.0,522.2222222222222,1,0,0,1,1,0,0,0,1
1,13262,0.0,40000.0,360.0,1,13262.0,111.11111111111111,1,0,1,0,1,0,0,0,1
0,3598,1287.0,100000.0,360.0,0,4885.0,277.77777777777777,1,0,1,0,0,1,1,0,0
1,6065,2004.0,250000.0,360.0,1,8069.0,694.4444444444445,1,0,0,1,1,0,0,1,0
2,3283,2035.0,148000.0,360.0,1,5318.0,411.1111111111111,1,0,0,1,1,0,0,0,1
0,2130,6666.0,70000.0,180.0,0,8796.0,388.8888888888889,1,0,0,1,1,0,0,1,0
0,5815,3666.0,311000.0,360.0,0,9481.0,863.8888888888889,1,0,1,0,1,0,1,0,0
3,3466,3428.0,150000.0,360.0,1,6894.0,416.6666666666667,1,0,0,1,1,0,1,0,0
2,2031,1632.0,113000.0,480.0,1,3663.0,235.41666666666666,1,0,0,1,1,0,0,1,0
0,3074,1800.0,123000.0,360.0,0,4874.0,341.6666666666667,0,1,0,1,0,1,0,1,0
0,4683,1915.0,185000.0,360.0,0,6598.0,513.8888888888889,1,0,1,0,1,0,0,1,0
0,3400,0.0,95000.0,360.0,0,3400.0,263.8888888888889,1,0,1,0,0,1,1,0,0
2,2192,1742.0,45000.0,360.0,1,3934.0,125.0,1,0,0,1,0,1,0,1,0
0,2500,0.0,55000.0,360.0,1,2500.0,152.77777777777777,1,0,1,0,1,0,0,1,0
3,5677,1424.0,100000.0,360.0,1,7101.0,277.77777777777777,1,0,0,1,1,0,1,0,0
2,7948,7166.0,480000.0,360.0,1,15114.0,1333.3333333333333,1,0,0,1,1,0,1,0,0
0,4680,2087.0,146050.7614213198,360.0,0,6767.0,405.6965595036661,1,0,1,0,1,0,0,1,0
2,17500,0.0,400000.0,360.0,1,17500.0,1111.111111111111,1,0,0,1,1,0,1,0,0
0,3775,0.0,110000.0,360.0,1,3775.0,305.55555555555554,1,0,0,1,1,0,0,1,0
1,5285,1430.0,161000.0,360.0,1,6715.0,447.22222222222223,0,1,0,1,0,1,0,1,0
1,2679,1302.0,94000.0,360.0,1,3981.0,261.1111111111111,1,0,1,0,0,1,0,1,0
0,6783,0.0,130000.0,360.0,1,6783.0,361.1111111111111,1,0,1,0,0,1,0,1,0
0,1025,5500.0,216000.0,360.0,1,6525.0,600.0,0,1,0,1,1,0,1,0,0
3,4281,0.0,100000.0,360.0,1,4281.0,277.77777777777777,1,0,0,1,1,0,0,0,1
2,3588,0.0,110000.0,360.0,0,3588.0,305.55555555555554,0,1,1,0,1,0,1,0,0
1,11250,0.0,196000.0,360.0,0,11250.0,544.4444444444445,0,1,1,0,1,0,0,1,0
0,18165,0.0,125000.0,360.0,1,18165.0,347.22222222222223,1,0,1,0,0,1,0,0,1
0,2550,2042.0,126000.0,360.0,1,4592.0,350.0,1,0,1,0,0,1,1,0,0
0,6133,3906.0,324000.0,360.0,1,10039.0,900.0,1,0,0,1,1,0,0,0,1
2,3617,0.0,107000.0,360.0,1,3617.0,297.22222222222223,1,0,1,0,1,0,0,1,0
0,2917,536.0,66000.0,360.0,0,3453.0,183.33333333333334,1,0,0,1,0,1,1,0,0
3,6417,0.0,157000.0,180.0,1,6417.0,872.2222222222222,1,0,0,1,1,0,1,0,0
1,4608,2845.0,140000.0,180.0,1,7453.0,777.7777777777778,1,0,0,1,1,0,0,1,0
0,2138,0.0,99000.0,360.0,0,2138.0,275.0,0,1,1,0,1,0,0,1,0
1,3652,0.0,95000.0,360.0,1,3652.0,263.8888888888889,1,0,1,0,1,0,0,1,0
1,2239,2524.0,128000.0,360.0,1,4763.0,355.55555555555554,1,0,0,1,0,1,0,0,1
0,3017,663.0,102000.0,360.0,1,3680.0,283.3333333333333,0,1,0,1,0,1,0,1,0
0,2768,1950.0,155000.0,360.0,1,4718.0,430.55555555555554,1,0,0,1,1,0,1,0,0
0,3358,0.0,80000.0,36.0,0,3358.0,2222.222222222222,1,0,1,0,0,1,0,1,0
0,2526,1783.0,145000.0,360.0,1,4309.0,402.77777777777777,1,0,1,0,1,0,1,0,0
0,5000,0.0,103000.0,360.0,0,5000.0,286.1111111111111,0,1,1,0,1,0,0,1,0
0,2785,2016.0,110000.0,360.0,1,4801.0,305.55555555555554,1,0,0,1,1,0,1,0,0
2,6633,0.0,146050.7614213198,360.0,0,6633.0,405.6965595036661,0,1,0,1,1,0,1,0,0
1,2492,2375.0,146050.7614213198,360.0,1,4867.0,405.6965595036661,1,0,0,1,0,1,1,0,0
1,3333,3250.0,158000.0,360.0,1,6583.0,438.8888888888889,1,0,0,1,1,0,0,0,1
0,2454,2333.0,181000.0,360.0,0,4787.0,502.77777777777777,0,1,0,1,0,1,0,0,1
0,3593,4266.0,132000.0,180.0,0,7859.0,733.3333333333334,0,1,0,1,1,0,1,0,0
1,5468,1032.0,26000.0,360.0,1,6500.0,72.22222222222223,1,0,0,1,1,0,0,1,0
0,2667,1625.0,84000.0,360.0,1,4292.0,233.33333333333334,0,1,1,0,1,0,0,0,1
3,10139,0.0,260000.0,360.0,1,10139.0,722.2222222222222,1,0,0,1,1,0,0,1,0
0,3887,2669.0,162000.0,360.0,1,6556.0,450.0,1,0,0,1,1,0,0,1,0
0,4180,2306.0,182000.0,360.0,1,6486.0,505.55555555555554,1,0,0,1,1,0,0,1,0
2,3675,242.0,108000.0,360.0,1,3917.0,300.0,1,0,0,1,0,1,0,1,0
1,19484,0.0,600000.0,360.0,1,19484.0,1666.6666666666667,1,0,0,1,1,0,0,1,0
0,5923,2054.0,211000.0,360.0,1,7977.0,586.1111111111111,1,0,0,1,1,0,1,0,0
0,5800,0.0,132000.0,360.0,1,5800.0,366.6666666666667,1,0,1,0,0,1,0,1,0
2,8799,0.0,258000.0,360.0,0,8799.0,716.6666666666666,0,1,0,1,1,0,0,0,1
0,4467,0.0,120000.0,360.0,1,4467.0,333.3333333333333,0,1,0,1,0,1,1,0,0
0,3333,0.0,70000.0,360.0,1,3333.0,194.44444444444446,1,0,1,0,1,0,0,0,1
3,3400,2500.0,123000.0,360.0,0,5900.0,341.6666666666667,0,1,0,1,1,0,1,0,0
0,2378,0.0,9000.0,360.0,0,2378.0,25.0,1,0,1,0,1,0,0,0,1
0,3166,2064.0,104000.0,360.0,0,5230.0,288.8888888888889,0,1,0,1,1,0,0,0,1
1,3417,1750.0,186000.0,360.0,1,5167.0,516.6666666666666,1,0,0,1,1,0,0,0,1
0,5116,1451.0,165000.0,360.0,0,6567.0,458.3333333333333,0,1,0,1,1,0,0,0,1
2,16666,0.0,275000.0,360.0,1,16666.0,763.8888888888889,1,0,0,1,1,0,0,0,1
2,6125,1625.0,187000.0,480.0,0,7750.0,389.5833333333333,1,0,0,1,0,1,0,1,0
3,6406,0.0,150000.0,360.0,0,6406.0,416.6666666666667,1,0,0,1,1,0,0,1,0
2,3159,461.0,108000.0,84.0,1,3620.0,1285.7142857142858,1,0,0,1,1,0,0,0,1
0,3087,2210.0,136000.0,360.0,0,5297.0,377.77777777777777,0,1,0,1,1,0,0,1,0
0,3229,2739.0,110000.0,360.0,1,5968.0,305.55555555555554,1,0,1,0,1,0,0,0,1
1,1782,2232.0,107000.0,360.0,1,4014.0,297.22222222222223,1,0,0,1,1,0,1,0,0
0,3182,2917.0,161000.0,360.0,1,6099.0,447.22222222222223,1,0,1,0,1,0,0,0,1
2,6540,0.0,205000.0,360.0,1,6540.0,569.4444444444445,1,0,0,1,1,0,0,1,0
0,1836,10000.0,90000.0,360.0,0,20000.0,250.0,1,0,1,0,1,0,0,0,1
0,3166,0.0,36000.0,360.0,1,3166.0,100.0,1,0,0,1,1,0,0,1,0
1,1880,0.0,61000.0,360.0,0,1880.0,169.44444444444446,0,1,0,1,1,0,1,0,0
1,2787,1917.0,146000.0,360.0,0,4704.0,405.55555555555554,0,1,0,1,1,0,1,0,0
1,4283,3000.0,172000.0,84.0,0,7283.0,2047.6190476190477,1,0,0,1,1,0,1,0,0
0,2297,1522.0,104000.0,360.0,1,3819.0,288.8888888888889,1,0,0,1,1,0,0,0,1
0,2165,0.0,70000.0,360.0,1,2165.0,194.44444444444446,1,0,1,0,0,1,0,1,0
0,4750,0.0,94000.0,360.0,1,4750.0,261.1111111111111,1,0,1,0,1,0,0,1,0
2,2726,0.0,106000.0,360.0,0,2726.0,294.44444444444446,0,1,0,1,1,0,0,1,0
0,3000,3416.0,56000.0,180.0,1,6416.0,311.1111111111111,1,0,0,1,1,0,0,1,0
2,6000,0.0,205000.0,240.0,0,6000.0,854.1666666666666,1,0,0,1,1,0,0,1,0
3,9357,0.0,292000.0,360.0,1,9357.0,811.1111111111111,1,0,1,0,1,0,0,1,0
0,3859,3300.0,142000.0,180.0,1,7159.0,788.8888888888889,1,0,0,1,1,0,1,0,0
0,16120,0.0,260000.0,360.0,1,16120.0,722.2222222222222,1,0,0,1,1,0,0,0,1
0,3833,0.0,110000.0,360.0,1,3833.0,305.55555555555554,1,0,1,0,0,1,1,0,0
2,6383,1000.0,187000.0,360.0,0,7383.0,519.4444444444445,1,0,0,1,0,1,1,0,0
0,2987,0.0,88000.0,360.0,0,2987.0,244.44444444444446,0,1,1,0,1,0,0,1,0
0,9963,0.0,180000.0,360.0,1,9963.0,500.0,1,0,0,1,1,0,1,0,0
2,5780,0.0,192000.0,360.0,1,5780.0,533.3333333333334,1,0,0,1,1,0,0,0,1
3,416,10000.0,350000.0,180.0,0,20000.0,1944.4444444444443,0,1,1,0,1,0,0,0,1
0,2894,2792.0,155000.0,360.0,1,5686.0,430.55555555555554,1,0,0,1,0,1,1,0,0
3,5703,0.0,128000.0,360.0,1,5703.0,355.55555555555554,1,0,0,1,1,0,0,0,1
0,3676,4301.0,172000.0,360.0,1,7977.0,477.77777777777777,1,0,1,0,1,0,1,0,0
1,12000,0.0,496000.0,360.0,1,12000.0,1377.7777777777778,1,0,0,1,1,0,0,1,0
0,2400,3800.0,146050.7614213198,180.0,0,6200.0,811.3931190073322,1,0,0,1,0,1,0,0,1
1,3400,2500.0,173000.0,360.0,1,5900.0,480.55555555555554,1,0,0,1,1,0,0,1,0
2,3987,1411.0,157000.0,360.0,1,5398.0,436.1111111111111,1,0,0,1,0,1,1,0,0
0,3232,1950.0,108000.0,360.0,1,5182.0,300.0,1,0,0,1,1,0,1,0,0
0,2900,0.0,71000.0,360.0,1,2900.0,197.22222222222223,1,0,1,0,1,0,1,0,0
3,4106,0.0,40000.0,180.0,1,4106.0,222.22222222222223,1,0,0,1,1,0,1,0,0
1,8072,240.0,253000.0,360.0,1,8312.0,702.7777777777778,1,0,0,1,1,0,0,0,1
2,7583,0.0,187000.0,360.0,1,7583.0,519.4444444444445,1,0,0,1,1,0,0,0,1
0,4583,0.0,133000.0,360.0,0,4583.0,369.44444444444446,0,1,1,0,1,0,0,1,0
